blind_order,blind_pair_id,final_prompt_unambiguous,final_image_answerable,final_target_visible_a,final_target_visible_b,final_target_unaffected,final_expected_answer_relation_valid,final_expected_answer_unchanged,final_perturbation_acceptable,final_artifact_severity,final_retention_decision,final_confidence,adjudication_notes,adjudicator_code,adjudicated_at_utc
1,CV11-I-50E538BD7ED2E2DF,,,,,,,,,,,,,,
2,CV11-I-9BB5D82B1B87E728,,,,,,,,,,,,,,
3,CV11-I-62EB230BB7611C98,,,,,,,,,,,,,,
4,CV11-I-8FA32738A966048B,,,,,,,,,,,,,,
5,CV11-I-F05F604E906FC09E,,,,,,,,,,,,,,
6,CV11-I-B34982EC5729A1A4,,,,,,,,,,,,,,
7,CV11-I-50289A128E901CB6,,,,,,,,,,,,,,
8,CV11-I-E140D494E1F47910,,,,,,,,,,,,,,
9,CV11-I-7069305191367AE3,,,,,,,,,,,,,,
10,CV11-I-E9E04586B66E4FFA,,,,,,,,,,,,,,
11,CV11-I-AEE4FB2828DFD85F,,,,,,,,,,,,,,
12,CV11-I-AAB64562817A5CBB,,,,,,,,,,,,,,
13,CV11-I-068AA2864A1E9C46,,,,,,,,,,,,,,
14,CV11-I-4EAFDEB806C5AB2B,,,,,,,,,,,,,,
15,CV11-I-09850D44D9615318,,,,,,,,,,,,,,
16,CV11-I-0497AFC646710B52,,,,,,,,,,,,,,
17,CV11-I-CFC7F908321F3C58,,,,,,,,,,,,,,
18,CV11-I-7885C01708D5B821,,,,,,,,,,,,,,
19,CV11-I-147B437046E326B9,,,,,,,,,,,,,,
20,CV11-I-27D68AECE92D03C0,,,,,,,,,,,,,,
21,CV11-I-D6F761FA20BE5E5F,,,,,,,,,,,,,,
22,CV11-I-497D29E37E69339D,,,,,,,,,,,,,,
23,CV11-I-22AED575A7913F66,,,,,,,,,,,,,,
24,CV11-I-B71FA8CFBFF0E74E,,,,,,,,,,,,,,
25,CV11-I-67F368AA6CD33402,,,,,,,,,,,,,,
26,CV11-I-120ABDD3FCA9E183,,,,,,,,,,,,,,
27,CV11-I-41BCC652DEE9D45E,,,,,,,,,,,,,,
28,CV11-I-35C8243EE4977510,,,,,,,,,,,,,,
29,CV11-I-64D053A11384C602,,,,,,,,,,,,,,
30,CV11-I-FB79913F58387772,,,,,,,,,,,,,,
31,CV11-I-D966965263D71EB6,,,,,,,,,,,,,,
32,CV11-I-D3CA69678B089432,,,,,,,,,,,,,,
33,CV11-I-80EF3CD8BBA52D5D,,,,,,,,,,,,,,
34,CV11-I-01DC6339C01B4FE9,,,,,,,,,,,,,,
35,CV11-I-E663B59613A94A66,,,,,,,,,,,,,,
36,CV11-I-362330127BF5FCCD,,,,,,,,,,,,,,
37,CV11-I-24014EFE180550D0,,,,,,,,,,,,,,
38,CV11-I-3CEAAC8683CD8231,,,,,,,,,,,,,,
39,CV11-I-DDADD1CBD47FB7FF,,,,,,,,,,,,,,
40,CV11-I-AB0E3AE675577333,,,,,,,,,,,,,,
41,CV11-I-907C1CE6F374C0F9,,,,,,,,,,,,,,
42,CV11-I-90B926AA3D974A7D,,,,,,,,,,,,,,
43,CV11-I-7059ED025A03CA13,,,,,,,,,,,,,,
44,CV11-I-B93F7EF8DF1150F6,,,,,,,,,,,,,,
45,CV11-I-EE3E387149D1A14B,,,,,,,,,,,,,,
46,CV11-I-AAB16192DC0C1186,,,,,,,,,,,,,,
47,CV11-I-EDBE288B938B7569,,,,,,,,,,,,,,
48,CV11-I-0B196D855EDADBFB,,,,,,,,,,,,,,
49,CV11-I-562270F97308931B,,,,,,,,,,,,,,
50,CV11-I-737A4E899A271768,,,,,,,,,,,,,,
51,CV11-I-73813E3BE1534A06,,,,,,,,,,,,,,
52,CV11-I-583B613C10503BCA,,,,,,,,,,,,,,
53,CV11-I-5682F17BD1085B07,,,,,,,,,,,,,,
54,CV11-I-1535D67A1B98BF85,,,,,,,,,,,,,,
55,CV11-I-F9450AAA815761ED,,,,,,,,,,,,,,
56,CV11-I-0C475FEC6AD68743,,,,,,,,,,,,,,
57,CV11-I-D20E567753207AD2,,,,,,,,,,,,,,
58,CV11-I-1D93CA331D9F27F9,,,,,,,,,,,,,,
59,CV11-I-DA06BC2CDC23CE82,,,,,,,,,,,,,,
60,CV11-I-0AC606DF4665A42E,,,,,,,,,,,,,,
61,CV11-I-70598AD901F3B67F,,,,,,,,,,,,,,
62,CV11-I-CA199A19F4CA42BC,,,,,,,,,,,,,,
63,CV11-I-C1995A1A1E27A651,,,,,,,,,,,,,,
64,CV11-I-FEF7559C435967DA,,,,,,,,,,,,,,
65,CV11-I-F69CD87EE2335A80,,,,,,,,,,,,,,
66,CV11-I-F024176DA5D0C4C0,,,,,,,,,,,,,,
67,CV11-I-5F0B8B200445C406,,,,,,,,,,,,,,
68,CV11-I-B2BDFD627418114F,,,,,,,,,,,,,,
69,CV11-I-EBC360E1E89430DF,,,,,,,,,,,,,,
70,CV11-I-7C2D3C61CAFCD834,,,,,,,,,,,,,,
71,CV11-I-A4681F9804FF0431,,,,,,,,,,,,,,
72,CV11-I-7452BACD942DCDE3,,,,,,,,,,,,,,
73,CV11-I-1FC768A26375A91D,,,,,,,,,,,,,,
74,CV11-I-9E32CD77ED18CB09,,,,,,,,,,,,,,
75,CV11-I-2F30D45EBCA022C5,,,,,,,,,,,,,,
76,CV11-I-8AB7CE2A03FC79D7,,,,,,,,,,,,,,
77,CV11-I-06775601919A7D6B,,,,,,,,,,,,,,
78,CV11-I-AE7FB14065C515BC,,,,,,,,,,,,,,
79,CV11-I-18B8A43381C2BA8C,,,,,,,,,,,,,,
80,CV11-I-5AE3F3ACB4DE40C0,,,,,,,,,,,,,,
81,CV11-I-95BF49E65E616B61,,,,,,,,,,,,,,
82,CV11-I-0733448D38034156,,,,,,,,,,,,,,
83,CV11-I-E6A9B890572B87D9,,,,,,,,,,,,,,
84,CV11-I-0C2D8B978A6EC3DB,,,,,,,,,,,,,,
85,CV11-I-EC59C1E894197C3C,,,,,,,,,,,,,,
86,CV11-I-A203F846FEACBFD3,,,,,,,,,,,,,,
87,CV11-I-C030D34FF0ECC892,,,,,,,,,,,,,,
88,CV11-I-001893D8745D2FD5,,,,,,,,,,,,,,
89,CV11-I-40DB6F8D9C2ACBF9,,,,,,,,,,,,,,
90,CV11-I-3CEED3146ED13D7D,,,,,,,,,,,,,,
91,CV11-I-DE8EEA305F5CE73B,,,,,,,,,,,,,,
