blind_order,blind_pair_id,image_a,image_b,question,prompt_unambiguous,image_answerable,target_visible_a,target_visible_b,target_unaffected,expected_answer_relation_valid,expected_answer_unchanged,perturbation_acceptable,artifact_severity,retention_decision,confidence,notes,reviewer_code,reviewed_at_utc
1,CV11-S-F36B7F852295235C,images/CV11-S-F36B7F852295235C_A.jpg,images/CV11-S-F36B7F852295235C_B.jpg,Is there a clearly visible table in the image? Respond with exactly one token: yes or no.,,,,,,,,,,,,,,
2,CV11-S-CA6C31B8557C9DE7,images/CV11-S-CA6C31B8557C9DE7_A.jpg,images/CV11-S-CA6C31B8557C9DE7_B.jpg,Is there a clearly visible sofa in the image? Respond with exactly one token: yes or no.,,,,,,,,,,,,,,
3,CV11-S-A9FA1E6379F4BE4F,images/CV11-S-A9FA1E6379F4BE4F_A.jpg,images/CV11-S-A9FA1E6379F4BE4F_B.jpg,Is there a clearly visible sofa in the image? Respond with exactly one token: yes or no.,,,,,,,,,,,,,,
4,CV11-S-9ED384D28EAFC4D5,images/CV11-S-9ED384D28EAFC4D5_A.jpg,images/CV11-S-9ED384D28EAFC4D5_B.jpg,Is there a clearly visible sofa in the image? Respond with exactly one token: yes or no.,,,,,,,,,,,,,,
5,CV11-S-198DE860A7B5C606,images/CV11-S-198DE860A7B5C606_A.jpg,images/CV11-S-198DE860A7B5C606_B.jpg,Is there a clearly visible sofa in the image? Respond with exactly one token: yes or no.,,,,,,,,,,,,,,
6,CV11-S-C6C345EEFC30E9E5,images/CV11-S-C6C345EEFC30E9E5_A.jpg,images/CV11-S-C6C345EEFC30E9E5_B.jpg,Is there a clearly visible table in the image? Respond with exactly one token: yes or no.,,,,,,,,,,,,,,
7,CV11-S-DEAD358B3E7EC6F0,images/CV11-S-DEAD358B3E7EC6F0_A.jpg,images/CV11-S-DEAD358B3E7EC6F0_B.jpg,Is there a clearly visible table in the image? Respond with exactly one token: yes or no.,,,,,,,,,,,,,,
8,CV11-S-4740FC5484571844,images/CV11-S-4740FC5484571844_A.jpg,images/CV11-S-4740FC5484571844_B.jpg,Is there a clearly visible table in the image? Respond with exactly one token: yes or no.,,,,,,,,,,,,,,
9,CV11-S-45010BA274847826,images/CV11-S-45010BA274847826_A.jpg,images/CV11-S-45010BA274847826_B.jpg,Is there a clearly visible sofa in the image? Respond with exactly one token: yes or no.,,,,,,,,,,,,,,
10,CV11-S-632785CB10A3B388,images/CV11-S-632785CB10A3B388_A.jpg,images/CV11-S-632785CB10A3B388_B.jpg,Is there a clearly visible sofa in the image? Respond with exactly one token: yes or no.,,,,,,,,,,,,,,
11,CV11-S-4C423AADF2A2BABE,images/CV11-S-4C423AADF2A2BABE_A.jpg,images/CV11-S-4C423AADF2A2BABE_B.jpg,Is there a clearly visible chair in the image? Respond with exactly one token: yes or no.,,,,,,,,,,,,,,
12,CV11-S-37EBE74658B4D39E,images/CV11-S-37EBE74658B4D39E_A.jpg,images/CV11-S-37EBE74658B4D39E_B.jpg,Is there a clearly visible sofa in the image? Respond with exactly one token: yes or no.,,,,,,,,,,,,,,
13,CV11-S-E5059F74973038B0,images/CV11-S-E5059F74973038B0_A.jpg,images/CV11-S-E5059F74973038B0_B.jpg,Is there a clearly visible chair in the image? Respond with exactly one token: yes or no.,,,,,,,,,,,,,,
14,CV11-S-337F8880567768F3,images/CV11-S-337F8880567768F3_A.jpg,images/CV11-S-337F8880567768F3_B.jpg,Is there a clearly visible table in the image? Respond with exactly one token: yes or no.,,,,,,,,,,,,,,
15,CV11-S-C9AB24BA1E3F7F17,images/CV11-S-C9AB24BA1E3F7F17_A.jpg,images/CV11-S-C9AB24BA1E3F7F17_B.jpg,Is there a clearly visible chair in the image? Respond with exactly one token: yes or no.,,,,,,,,,,,,,,
16,CV11-S-332F3B95C3A8CA94,images/CV11-S-332F3B95C3A8CA94_A.jpg,images/CV11-S-332F3B95C3A8CA94_B.jpg,Is there a clearly visible sofa in the image? Respond with exactly one token: yes or no.,,,,,,,,,,,,,,
17,CV11-S-16B8E560A72A44DB,images/CV11-S-16B8E560A72A44DB_A.jpg,images/CV11-S-16B8E560A72A44DB_B.jpg,Is there a clearly visible car in the image? Respond with exactly one token: yes or no.,,,,,,,,,,,,,,
18,CV11-S-3278BC773EBBC5EC,images/CV11-S-3278BC773EBBC5EC_A.jpg,images/CV11-S-3278BC773EBBC5EC_B.jpg,Is there a clearly visible sofa in the image? Respond with exactly one token: yes or no.,,,,,,,,,,,,,,
19,CV11-S-552A01060CEEF703,images/CV11-S-552A01060CEEF703_A.jpg,images/CV11-S-552A01060CEEF703_B.jpg,Is there a clearly visible chair in the image? Respond with exactly one token: yes or no.,,,,,,,,,,,,,,
20,CV11-S-EF227179268E0A63,images/CV11-S-EF227179268E0A63_A.jpg,images/CV11-S-EF227179268E0A63_B.jpg,Is there a clearly visible chair in the image? Respond with exactly one token: yes or no.,,,,,,,,,,,,,,
21,CV11-S-B4EFA05AA2A39808,images/CV11-S-B4EFA05AA2A39808_A.jpg,images/CV11-S-B4EFA05AA2A39808_B.jpg,Is there a clearly visible sofa in the image? Respond with exactly one token: yes or no.,,,,,,,,,,,,,,
22,CV11-S-D78C867C9F04BCB9,images/CV11-S-D78C867C9F04BCB9_A.jpg,images/CV11-S-D78C867C9F04BCB9_B.jpg,Is there a clearly visible chair in the image? Respond with exactly one token: yes or no.,,,,,,,,,,,,,,
23,CV11-S-3BD2CFF0BD4F2E6E,images/CV11-S-3BD2CFF0BD4F2E6E_A.jpg,images/CV11-S-3BD2CFF0BD4F2E6E_B.jpg,Is there a clearly visible table in the image? Respond with exactly one token: yes or no.,,,,,,,,,,,,,,
24,CV11-S-2752C15F8EDEAC2A,images/CV11-S-2752C15F8EDEAC2A_A.jpg,images/CV11-S-2752C15F8EDEAC2A_B.jpg,Is there a clearly visible car in the image? Respond with exactly one token: yes or no.,,,,,,,,,,,,,,
25,CV11-S-1BB7C18E38817538,images/CV11-S-1BB7C18E38817538_A.jpg,images/CV11-S-1BB7C18E38817538_B.jpg,Is there a clearly visible sofa in the image? Respond with exactly one token: yes or no.,,,,,,,,,,,,,,
26,CV11-S-2FAFE7F253D9F605,images/CV11-S-2FAFE7F253D9F605_A.jpg,images/CV11-S-2FAFE7F253D9F605_B.jpg,Is there a clearly visible table in the image? Respond with exactly one token: yes or no.,,,,,,,,,,,,,,
27,CV11-S-9ED0D14290F3EB6A,images/CV11-S-9ED0D14290F3EB6A_A.jpg,images/CV11-S-9ED0D14290F3EB6A_B.jpg,Is there a clearly visible chair in the image? Respond with exactly one token: yes or no.,,,,,,,,,,,,,,
28,CV11-S-A18162C49B3880D0,images/CV11-S-A18162C49B3880D0_A.jpg,images/CV11-S-A18162C49B3880D0_B.jpg,Is there a clearly visible chair in the image? Respond with exactly one token: yes or no.,,,,,,,,,,,,,,
29,CV11-S-0C9F2134DF5FB456,images/CV11-S-0C9F2134DF5FB456_A.jpg,images/CV11-S-0C9F2134DF5FB456_B.jpg,Is there a clearly visible table in the image? Respond with exactly one token: yes or no.,,,,,,,,,,,,,,
30,CV11-S-F0260597BBD976AF,images/CV11-S-F0260597BBD976AF_A.jpg,images/CV11-S-F0260597BBD976AF_B.jpg,Is there a clearly visible car in the image? Respond with exactly one token: yes or no.,,,,,,,,,,,,,,
