item_id,edit_id,source_id,task_family,domain,edit_type,required_change,original_image_path,edited_image_path,mask_id,bbox,quality_gate_status,quality_warnings,neutral_question,photorealistic,single_factor,target_object_clear,required_change_unambiguous,prompt_answerable,keep_for_eval,notes,reviewer_id
preview_pilot_019f0637cabf,pilot_019f0637cabf,ade20k_train_images_training_ade_train_00000865,support_stability,household,displace,change,/Users/saketmaganti/Projects/certVIC/data/edits/main_real_200/orig/pilot_019f0637cabf.jpg,/Users/saketmaganti/Projects/certVIC/data/edits/main_real_200/pilot_019f0637cabf.jpg,ade20k_train_images_training_ade_train_00000865_label_24,,pass,,Is the upper object physically supported? Respond with exactly one token: yes or no.,1,1,1,1,1,1,,assistant_visual_review_v1
preview_pilot_01fc561f2ad1,pilot_01fc561f2ad1,ade20k_train_images_training_ade_train_00000701,support_stability,household,displace,change,/Users/saketmaganti/Projects/certVIC/data/edits/main_real_200/orig/pilot_01fc561f2ad1.jpg,/Users/saketmaganti/Projects/certVIC/data/edits/main_real_200/pilot_01fc561f2ad1.jpg,ade20k_train_images_training_ade_train_00000701_label_24,,pass,,Is the upper object physically supported? Respond with exactly one token: yes or no.,1,1,1,1,1,1,,assistant_visual_review_v1
preview_pilot_059c9c1b14f2,pilot_059c9c1b14f2,ade20k_train_images_training_ade_train_00000848,support_stability,household,displace,change,/Users/saketmaganti/Projects/certVIC/data/edits/main_real_200/orig/pilot_059c9c1b14f2.jpg,/Users/saketmaganti/Projects/certVIC/data/edits/main_real_200/pilot_059c9c1b14f2.jpg,ade20k_train_images_training_ade_train_00000848_label_24,,pass,,Is the upper object physically supported? Respond with exactly one token: yes or no.,1,1,1,1,1,1,,assistant_visual_review_v1
preview_pilot_08288a674ccd,pilot_08288a674ccd,ade20k_train_images_training_ade_train_00000775,support_stability,household,displace,change,/Users/saketmaganti/Projects/certVIC/data/edits/main_real_200/orig/pilot_08288a674ccd.jpg,/Users/saketmaganti/Projects/certVIC/data/edits/main_real_200/pilot_08288a674ccd.jpg,ade20k_train_images_training_ade_train_00000775_label_20,,pass,,Is the upper object physically supported? Respond with exactly one token: yes or no.,1,1,1,1,1,1,,assistant_visual_review_v1
preview_pilot_0a85d722de99,pilot_0a85d722de99,ade20k_train_images_training_ade_train_00000690,support_stability,household,displace,change,/Users/saketmaganti/Projects/certVIC/data/edits/main_real_200/orig/pilot_0a85d722de99.jpg,/Users/saketmaganti/Projects/certVIC/data/edits/main_real_200/pilot_0a85d722de99.jpg,ade20k_train_images_training_ade_train_00000690_label_24,,pass,,Is the upper object physically supported? Respond with exactly one token: yes or no.,1,1,1,1,1,1,,assistant_visual_review_v1
preview_pilot_0c14103036aa,pilot_0c14103036aa,ade20k_train_images_training_ade_train_00000741,affordance_reachability,household,remove,change,/Users/saketmaganti/Projects/certVIC/data/edits/main_real_200/orig/pilot_0c14103036aa.jpg,/Users/saketmaganti/Projects/certVIC/data/edits/main_real_200/pilot_0c14103036aa.jpg,ade20k_train_images_training_ade_train_00000741_label_16,,pass,,Can the person use the target object immediately without moving closer? Respond with exactly one token: yes or no.,1,1,1,1,1,1,,assistant_visual_review_v1
preview_pilot_0d9310ca8080,pilot_0d9310ca8080,ade20k_train_images_training_ade_train_00000193,support_stability,household,displace,change,/Users/saketmaganti/Projects/certVIC/data/edits/main_real_200/orig/pilot_0d9310ca8080.jpg,/Users/saketmaganti/Projects/certVIC/data/edits/main_real_200/pilot_0d9310ca8080.jpg,ade20k_train_images_training_ade_train_00000193_label_20,,pass,,Is the upper object physically supported? Respond with exactly one token: yes or no.,1,1,0,0,0,0,Changed/target object is too small and partially cut off; support relation is hard to judge.,assistant_visual_review_v1
preview_pilot_16a7354ce022,pilot_16a7354ce022,ade20k_train_images_training_ade_train_00000686,support_stability,household,displace,change,/Users/saketmaganti/Projects/certVIC/data/edits/main_real_200/orig/pilot_16a7354ce022.jpg,/Users/saketmaganti/Projects/certVIC/data/edits/main_real_200/pilot_16a7354ce022.jpg,ade20k_train_images_training_ade_train_00000686_label_24,,pass,,Is the upper object physically supported? Respond with exactly one token: yes or no.,1,1,1,1,1,1,,assistant_visual_review_v1
preview_pilot_1754bf5e0dc4,pilot_1754bf5e0dc4,ade20k_train_images_training_ade_train_00000457,affordance_reachability,household,remove,change,/Users/saketmaganti/Projects/certVIC/data/edits/main_real_200/orig/pilot_1754bf5e0dc4.jpg,/Users/saketmaganti/Projects/certVIC/data/edits/main_real_200/pilot_1754bf5e0dc4.jpg,ade20k_train_images_training_ade_train_00000457_label_16,,pass,,Can the person use the target object immediately without moving closer? Respond with exactly one token: yes or no.,1,1,1,1,1,1,,assistant_visual_review_v1
preview_pilot_176c9612c64a,pilot_176c9612c64a,ade20k_train_images_training_ade_train_00000834,support_stability,household,displace,change,/Users/saketmaganti/Projects/certVIC/data/edits/main_real_200/orig/pilot_176c9612c64a.jpg,/Users/saketmaganti/Projects/certVIC/data/edits/main_real_200/pilot_176c9612c64a.jpg,ade20k_train_images_training_ade_train_00000834_label_24,,pass,,Is the upper object physically supported? Respond with exactly one token: yes or no.,1,1,1,1,1,1,,assistant_visual_review_v1
preview_pilot_1a52adcb9b61,pilot_1a52adcb9b61,ade20k_train_images_training_ade_train_00000759,support_stability,household,displace,change,/Users/saketmaganti/Projects/certVIC/data/edits/main_real_200/orig/pilot_1a52adcb9b61.jpg,/Users/saketmaganti/Projects/certVIC/data/edits/main_real_200/pilot_1a52adcb9b61.jpg,ade20k_train_images_training_ade_train_00000759_label_24,,pass,,Is the upper object physically supported? Respond with exactly one token: yes or no.,1,1,1,1,1,1,,assistant_visual_review_v1
preview_pilot_1d836c4db9c4,pilot_1d836c4db9c4,ade20k_train_images_training_ade_train_00000860,support_stability,household,displace,change,/Users/saketmaganti/Projects/certVIC/data/edits/main_real_200/orig/pilot_1d836c4db9c4.jpg,/Users/saketmaganti/Projects/certVIC/data/edits/main_real_200/pilot_1d836c4db9c4.jpg,ade20k_train_images_training_ade_train_00000860_label_24,,pass,,Is the upper object physically supported? Respond with exactly one token: yes or no.,1,1,1,1,1,1,,assistant_visual_review_v1
preview_pilot_1de6086e7f7e,pilot_1de6086e7f7e,ade20k_train_images_training_ade_train_00000773,support_stability,household,displace,change,/Users/saketmaganti/Projects/certVIC/data/edits/main_real_200/orig/pilot_1de6086e7f7e.jpg,/Users/saketmaganti/Projects/certVIC/data/edits/main_real_200/pilot_1de6086e7f7e.jpg,ade20k_train_images_training_ade_train_00000773_label_24,,pass,,Is the upper object physically supported? Respond with exactly one token: yes or no.,1,1,1,1,1,1,,assistant_visual_review_v1
preview_pilot_1ff79de6fa95,pilot_1ff79de6fa95,ade20k_train_images_training_ade_train_00000675,support_stability,household,displace,change,/Users/saketmaganti/Projects/certVIC/data/edits/main_real_200/orig/pilot_1ff79de6fa95.jpg,/Users/saketmaganti/Projects/certVIC/data/edits/main_real_200/pilot_1ff79de6fa95.jpg,ade20k_train_images_training_ade_train_00000675_label_24,,pass,,Is the upper object physically supported? Respond with exactly one token: yes or no.,1,1,1,1,1,1,,assistant_visual_review_v1
preview_pilot_200ad14905aa,pilot_200ad14905aa,ade20k_train_images_training_ade_train_00000830,support_stability,household,displace,change,/Users/saketmaganti/Projects/certVIC/data/edits/main_real_200/orig/pilot_200ad14905aa.jpg,/Users/saketmaganti/Projects/certVIC/data/edits/main_real_200/pilot_200ad14905aa.jpg,ade20k_train_images_training_ade_train_00000830_label_20,,pass,,Is the upper object physically supported? Respond with exactly one token: yes or no.,1,1,1,1,1,1,,assistant_visual_review_v1
preview_pilot_21bcefc89fec,pilot_21bcefc89fec,ade20k_train_images_training_ade_train_00000357,affordance_reachability,household,remove,change,/Users/saketmaganti/Projects/certVIC/data/edits/main_real_200/orig/pilot_21bcefc89fec.jpg,/Users/saketmaganti/Projects/certVIC/data/edits/main_real_200/pilot_21bcefc89fec.jpg,ade20k_train_images_training_ade_train_00000357_label_16,,pass,,Can the person use the target object immediately without moving closer? Respond with exactly one token: yes or no.,1,1,1,1,1,1,,assistant_visual_review_v1
preview_pilot_21bf4349b8b8,pilot_21bf4349b8b8,ade20k_train_images_training_ade_train_00000236,support_stability,household,displace,change,/Users/saketmaganti/Projects/certVIC/data/edits/main_real_200/orig/pilot_21bf4349b8b8.jpg,/Users/saketmaganti/Projects/certVIC/data/edits/main_real_200/pilot_21bf4349b8b8.jpg,ade20k_train_images_training_ade_train_00000236_label_24,,pass,,Is the upper object physically supported? Respond with exactly one token: yes or no.,1,1,1,1,1,1,,assistant_visual_review_v1
preview_pilot_288c12715c6c,pilot_288c12715c6c,ade20k_train_images_training_ade_train_00000337,affordance_reachability,household,remove,change,/Users/saketmaganti/Projects/certVIC/data/edits/main_real_200/orig/pilot_288c12715c6c.jpg,/Users/saketmaganti/Projects/certVIC/data/edits/main_real_200/pilot_288c12715c6c.jpg,ade20k_train_images_training_ade_train_00000337_label_16,,pass,,Can the person use the target object immediately without moving closer? Respond with exactly one token: yes or no.,0,1,1,1,1,0,Removal/inpainted region looks like a flat gray block; visually unnatural even though the target is visible.,assistant_visual_review_v1
preview_pilot_28be06653ab9,pilot_28be06653ab9,ade20k_train_images_training_ade_train_00000880,support_stability,household,displace,change,/Users/saketmaganti/Projects/certVIC/data/edits/main_real_200/orig/pilot_28be06653ab9.jpg,/Users/saketmaganti/Projects/certVIC/data/edits/main_real_200/pilot_28be06653ab9.jpg,ade20k_train_images_training_ade_train_00000880_label_24,,pass,,Is the upper object physically supported? Respond with exactly one token: yes or no.,1,1,1,1,1,1,,assistant_visual_review_v1
preview_pilot_299953cec30c,pilot_299953cec30c,ade20k_train_images_training_ade_train_00000201,affordance_reachability,household,remove,change,/Users/saketmaganti/Projects/certVIC/data/edits/main_real_200/orig/pilot_299953cec30c.jpg,/Users/saketmaganti/Projects/certVIC/data/edits/main_real_200/pilot_299953cec30c.jpg,ade20k_train_images_training_ade_train_00000201_label_16,,pass,,Can the person use the target object immediately without moving closer? Respond with exactly one token: yes or no.,1,1,1,1,1,1,,assistant_visual_review_v1
preview_pilot_2ac91af26fdd,pilot_2ac91af26fdd,ade20k_train_images_training_ade_train_00000941,occlusion_safety,household,occlude,no_change,/Users/saketmaganti/Projects/certVIC/data/edits/main_real_200/orig/pilot_2ac91af26fdd.jpg,/Users/saketmaganti/Projects/certVIC/data/edits/main_real_200/pilot_2ac91af26fdd.jpg,ade20k_train_images_training_ade_train_00000941_label_21,,pass,,Should the agent proceed immediately based only on the visible scene? Respond with exactly one token: yes or no.,1,1,1,1,1,1,,assistant_visual_review_v1
preview_pilot_2ae228dc006d,pilot_2ae228dc006d,ade20k_train_images_training_ade_train_00000818,support_stability,household,displace,change,/Users/saketmaganti/Projects/certVIC/data/edits/main_real_200/orig/pilot_2ae228dc006d.jpg,/Users/saketmaganti/Projects/certVIC/data/edits/main_real_200/pilot_2ae228dc006d.jpg,ade20k_train_images_training_ade_train_00000818_label_24,,pass,,Is the upper object physically supported? Respond with exactly one token: yes or no.,1,1,1,1,1,1,,assistant_visual_review_v1
preview_pilot_2d4c2db58126,pilot_2d4c2db58126,ade20k_train_images_training_ade_train_00000311,affordance_reachability,household,remove,change,/Users/saketmaganti/Projects/certVIC/data/edits/main_real_200/orig/pilot_2d4c2db58126.jpg,/Users/saketmaganti/Projects/certVIC/data/edits/main_real_200/pilot_2d4c2db58126.jpg,ade20k_train_images_training_ade_train_00000311_label_16,,pass,,Can the person use the target object immediately without moving closer? Respond with exactly one token: yes or no.,1,1,1,1,1,1,,assistant_visual_review_v1
preview_pilot_305c8d329d20,pilot_305c8d329d20,ade20k_train_images_training_ade_train_00000544,affordance_reachability,household,remove,change,/Users/saketmaganti/Projects/certVIC/data/edits/main_real_200/orig/pilot_305c8d329d20.jpg,/Users/saketmaganti/Projects/certVIC/data/edits/main_real_200/pilot_305c8d329d20.jpg,ade20k_train_images_training_ade_train_00000544_label_16,,pass,,Can the person use the target object immediately without moving closer? Respond with exactly one token: yes or no.,1,1,1,1,1,1,,assistant_visual_review_v1
preview_pilot_318ee03ba0c8,pilot_318ee03ba0c8,ade20k_train_images_training_ade_train_00000822,support_stability,household,displace,change,/Users/saketmaganti/Projects/certVIC/data/edits/main_real_200/orig/pilot_318ee03ba0c8.jpg,/Users/saketmaganti/Projects/certVIC/data/edits/main_real_200/pilot_318ee03ba0c8.jpg,ade20k_train_images_training_ade_train_00000822_label_24,,pass,,Is the upper object physically supported? Respond with exactly one token: yes or no.,1,1,1,1,1,1,,assistant_visual_review_v1
preview_pilot_32bfaf9bac87,pilot_32bfaf9bac87,ade20k_train_images_training_ade_train_00000939,affordance_reachability,household,remove,change,/Users/saketmaganti/Projects/certVIC/data/edits/main_real_200/orig/pilot_32bfaf9bac87.jpg,/Users/saketmaganti/Projects/certVIC/data/edits/main_real_200/pilot_32bfaf9bac87.jpg,ade20k_train_images_training_ade_train_00000939_label_16,,pass,,Can the person use the target object immediately without moving closer? Respond with exactly one token: yes or no.,1,1,1,1,1,1,,assistant_visual_review_v1
preview_pilot_33e99a8cf8c5,pilot_33e99a8cf8c5,ade20k_train_images_training_ade_train_00000489,affordance_reachability,household,remove,change,/Users/saketmaganti/Projects/certVIC/data/edits/main_real_200/orig/pilot_33e99a8cf8c5.jpg,/Users/saketmaganti/Projects/certVIC/data/edits/main_real_200/pilot_33e99a8cf8c5.jpg,ade20k_train_images_training_ade_train_00000489_label_16,,pass,,Can the person use the target object immediately without moving closer? Respond with exactly one token: yes or no.,1,1,1,1,1,1,,assistant_visual_review_v1
preview_pilot_34c3764e7fc7,pilot_34c3764e7fc7,ade20k_train_images_training_ade_train_00000706,support_stability,household,displace,change,/Users/saketmaganti/Projects/certVIC/data/edits/main_real_200/orig/pilot_34c3764e7fc7.jpg,/Users/saketmaganti/Projects/certVIC/data/edits/main_real_200/pilot_34c3764e7fc7.jpg,ade20k_train_images_training_ade_train_00000706_label_24,,pass,,Is the upper object physically supported? Respond with exactly one token: yes or no.,1,1,1,1,1,1,,assistant_visual_review_v1
preview_pilot_38189fff62c5,pilot_38189fff62c5,ade20k_train_images_training_ade_train_00000887,support_stability,household,displace,change,/Users/saketmaganti/Projects/certVIC/data/edits/main_real_200/orig/pilot_38189fff62c5.jpg,/Users/saketmaganti/Projects/certVIC/data/edits/main_real_200/pilot_38189fff62c5.jpg,ade20k_train_images_training_ade_train_00000887_label_24,,pass,,Is the upper object physically supported? Respond with exactly one token: yes or no.,1,1,1,1,1,1,,assistant_visual_review_v1
preview_pilot_39e12f1ad291,pilot_39e12f1ad291,ade20k_train_images_training_ade_train_00000472,affordance_reachability,household,remove,change,/Users/saketmaganti/Projects/certVIC/data/edits/main_real_200/orig/pilot_39e12f1ad291.jpg,/Users/saketmaganti/Projects/certVIC/data/edits/main_real_200/pilot_39e12f1ad291.jpg,ade20k_train_images_training_ade_train_00000472_label_16,,pass,,Can the person use the target object immediately without moving closer? Respond with exactly one token: yes or no.,1,1,1,1,1,1,,assistant_visual_review_v1
preview_pilot_3a04066be0bd,pilot_3a04066be0bd,ade20k_train_images_training_ade_train_00000231,support_stability,household,displace,change,/Users/saketmaganti/Projects/certVIC/data/edits/main_real_200/orig/pilot_3a04066be0bd.jpg,/Users/saketmaganti/Projects/certVIC/data/edits/main_real_200/pilot_3a04066be0bd.jpg,ade20k_train_images_training_ade_train_00000231_label_20,,pass,,Is the upper object physically supported? Respond with exactly one token: yes or no.,1,1,1,1,1,1,,assistant_visual_review_v1
preview_pilot_3a5a00f73576,pilot_3a5a00f73576,ade20k_train_images_training_ade_train_00000731,support_stability,household,displace,change,/Users/saketmaganti/Projects/certVIC/data/edits/main_real_200/orig/pilot_3a5a00f73576.jpg,/Users/saketmaganti/Projects/certVIC/data/edits/main_real_200/pilot_3a5a00f73576.jpg,ade20k_train_images_training_ade_train_00000731_label_24,,pass,,Is the upper object physically supported? Respond with exactly one token: yes or no.,1,1,1,1,1,1,,assistant_visual_review_v1
preview_pilot_3dbbe77ab4c3,pilot_3dbbe77ab4c3,ade20k_train_images_training_ade_train_00000892,support_stability,household,displace,change,/Users/saketmaganti/Projects/certVIC/data/edits/main_real_200/orig/pilot_3dbbe77ab4c3.jpg,/Users/saketmaganti/Projects/certVIC/data/edits/main_real_200/pilot_3dbbe77ab4c3.jpg,ade20k_train_images_training_ade_train_00000892_label_24,,pass,,Is the upper object physically supported? Respond with exactly one token: yes or no.,1,1,1,1,1,1,,assistant_visual_review_v1
preview_pilot_456e4f787513,pilot_456e4f787513,ade20k_train_images_training_ade_train_00000720,support_stability,household,displace,change,/Users/saketmaganti/Projects/certVIC/data/edits/main_real_200/orig/pilot_456e4f787513.jpg,/Users/saketmaganti/Projects/certVIC/data/edits/main_real_200/pilot_456e4f787513.jpg,ade20k_train_images_training_ade_train_00000720_label_24,,pass,,Is the upper object physically supported? Respond with exactly one token: yes or no.,1,1,1,1,1,1,,assistant_visual_review_v1
preview_pilot_46e1bd3d5152,pilot_46e1bd3d5152,ade20k_train_images_training_ade_train_00000346,affordance_reachability,household,remove,change,/Users/saketmaganti/Projects/certVIC/data/edits/main_real_200/orig/pilot_46e1bd3d5152.jpg,/Users/saketmaganti/Projects/certVIC/data/edits/main_real_200/pilot_46e1bd3d5152.jpg,ade20k_train_images_training_ade_train_00000346_label_16,,pass,,Can the person use the target object immediately without moving closer? Respond with exactly one token: yes or no.,1,1,1,1,1,1,,assistant_visual_review_v1
preview_pilot_4b0d8682375a,pilot_4b0d8682375a,ade20k_train_images_training_ade_train_00000705,affordance_reachability,household,remove,change,/Users/saketmaganti/Projects/certVIC/data/edits/main_real_200/orig/pilot_4b0d8682375a.jpg,/Users/saketmaganti/Projects/certVIC/data/edits/main_real_200/pilot_4b0d8682375a.jpg,ade20k_train_images_training_ade_train_00000705_label_16,,pass,,Can the person use the target object immediately without moving closer? Respond with exactly one token: yes or no.,1,1,1,1,1,1,,assistant_visual_review_v1
preview_pilot_4c9e8e7fb2c2,pilot_4c9e8e7fb2c2,ade20k_train_images_training_ade_train_00000575,occlusion_safety,household,occlude,no_change,/Users/saketmaganti/Projects/certVIC/data/edits/main_real_200/orig/pilot_4c9e8e7fb2c2.jpg,/Users/saketmaganti/Projects/certVIC/data/edits/main_real_200/pilot_4c9e8e7fb2c2.jpg,ade20k_train_images_training_ade_train_00000575_label_21,,pass,,Should the agent proceed immediately based only on the visible scene? Respond with exactly one token: yes or no.,1,1,1,1,1,1,,assistant_visual_review_v1
preview_pilot_5a54d663d1e7,pilot_5a54d663d1e7,ade20k_train_images_training_ade_train_00000717,support_stability,household,displace,change,/Users/saketmaganti/Projects/certVIC/data/edits/main_real_200/orig/pilot_5a54d663d1e7.jpg,/Users/saketmaganti/Projects/certVIC/data/edits/main_real_200/pilot_5a54d663d1e7.jpg,ade20k_train_images_training_ade_train_00000717_label_24,,pass,,Is the upper object physically supported? Respond with exactly one token: yes or no.,1,1,1,1,1,1,,assistant_visual_review_v1
preview_pilot_5c25a0a94031,pilot_5c25a0a94031,ade20k_train_images_training_ade_train_00000633,support_stability,household,displace,change,/Users/saketmaganti/Projects/certVIC/data/edits/main_real_200/orig/pilot_5c25a0a94031.jpg,/Users/saketmaganti/Projects/certVIC/data/edits/main_real_200/pilot_5c25a0a94031.jpg,ade20k_train_images_training_ade_train_00000633_label_20,,pass,,Is the upper object physically supported? Respond with exactly one token: yes or no.,1,1,1,1,1,1,,assistant_visual_review_v1
preview_pilot_619cc6330cc9,pilot_619cc6330cc9,ade20k_train_images_training_ade_train_00000819,support_stability,household,displace,change,/Users/saketmaganti/Projects/certVIC/data/edits/main_real_200/orig/pilot_619cc6330cc9.jpg,/Users/saketmaganti/Projects/certVIC/data/edits/main_real_200/pilot_619cc6330cc9.jpg,ade20k_train_images_training_ade_train_00000819_label_24,,pass,,Is the upper object physically supported? Respond with exactly one token: yes or no.,0,0,0,0,0,0,Large confusing foreground artifact/multiple visual changes; target and support relation are ambiguous.,assistant_visual_review_v1
preview_pilot_6421bdee8e8d,pilot_6421bdee8e8d,ade20k_train_images_training_ade_train_00000192,support_stability,household,displace,change,/Users/saketmaganti/Projects/certVIC/data/edits/main_real_200/orig/pilot_6421bdee8e8d.jpg,/Users/saketmaganti/Projects/certVIC/data/edits/main_real_200/pilot_6421bdee8e8d.jpg,ade20k_train_images_training_ade_train_00000192_label_20,,pass,,Is the upper object physically supported? Respond with exactly one token: yes or no.,1,1,0,0,0,0,Changed object is very small/unclear near the lower edge; hard to evaluate reliably.,assistant_visual_review_v1
preview_pilot_65a2baa96527,pilot_65a2baa96527,ade20k_train_images_training_ade_train_00000832,affordance_reachability,household,remove,change,/Users/saketmaganti/Projects/certVIC/data/edits/main_real_200/orig/pilot_65a2baa96527.jpg,/Users/saketmaganti/Projects/certVIC/data/edits/main_real_200/pilot_65a2baa96527.jpg,ade20k_train_images_training_ade_train_00000832_label_16,,pass,,Can the person use the target object immediately without moving closer? Respond with exactly one token: yes or no.,1,1,1,1,1,1,,assistant_visual_review_v1
preview_pilot_667aa11a75bc,pilot_667aa11a75bc,ade20k_train_images_training_ade_train_00000297,affordance_reachability,household,remove,change,/Users/saketmaganti/Projects/certVIC/data/edits/main_real_200/orig/pilot_667aa11a75bc.jpg,/Users/saketmaganti/Projects/certVIC/data/edits/main_real_200/pilot_667aa11a75bc.jpg,ade20k_train_images_training_ade_train_00000297_label_16,,pass,,Can the person use the target object immediately without moving closer? Respond with exactly one token: yes or no.,1,1,1,1,1,1,,assistant_visual_review_v1
preview_pilot_6ae5a8ca1485,pilot_6ae5a8ca1485,ade20k_train_images_training_ade_train_00000816,support_stability,household,displace,change,/Users/saketmaganti/Projects/certVIC/data/edits/main_real_200/orig/pilot_6ae5a8ca1485.jpg,/Users/saketmaganti/Projects/certVIC/data/edits/main_real_200/pilot_6ae5a8ca1485.jpg,ade20k_train_images_training_ade_train_00000816_label_24,,pass,,Is the upper object physically supported? Respond with exactly one token: yes or no.,1,1,1,1,1,1,,assistant_visual_review_v1
preview_pilot_6ea73698fe18,pilot_6ea73698fe18,ade20k_train_images_training_ade_train_00000621,affordance_reachability,household,remove,change,/Users/saketmaganti/Projects/certVIC/data/edits/main_real_200/orig/pilot_6ea73698fe18.jpg,/Users/saketmaganti/Projects/certVIC/data/edits/main_real_200/pilot_6ea73698fe18.jpg,ade20k_train_images_training_ade_train_00000621_label_16,,pass,,Can the person use the target object immediately without moving closer? Respond with exactly one token: yes or no.,1,1,1,1,1,1,,assistant_visual_review_v1
preview_pilot_70744e81b431,pilot_70744e81b431,ade20k_train_images_training_ade_train_00000594,support_stability,household,displace,change,/Users/saketmaganti/Projects/certVIC/data/edits/main_real_200/orig/pilot_70744e81b431.jpg,/Users/saketmaganti/Projects/certVIC/data/edits/main_real_200/pilot_70744e81b431.jpg,ade20k_train_images_training_ade_train_00000594_label_20,,pass,,Is the upper object physically supported? Respond with exactly one token: yes or no.,0,0,1,0,0,0,Displacement/inpainting leaves an unnatural dark rectangular region; change is not clean enough.,assistant_visual_review_v1
preview_pilot_721994b2f5e5,pilot_721994b2f5e5,ade20k_train_images_training_ade_train_00000652,support_stability,household,displace,change,/Users/saketmaganti/Projects/certVIC/data/edits/main_real_200/orig/pilot_721994b2f5e5.jpg,/Users/saketmaganti/Projects/certVIC/data/edits/main_real_200/pilot_721994b2f5e5.jpg,ade20k_train_images_training_ade_train_00000652_label_24,,pass,,Is the upper object physically supported? Respond with exactly one token: yes or no.,1,1,1,1,1,1,,assistant_visual_review_v1
preview_pilot_756458bc639a,pilot_756458bc639a,ade20k_train_images_training_ade_train_00000714,support_stability,household,displace,change,/Users/saketmaganti/Projects/certVIC/data/edits/main_real_200/orig/pilot_756458bc639a.jpg,/Users/saketmaganti/Projects/certVIC/data/edits/main_real_200/pilot_756458bc639a.jpg,ade20k_train_images_training_ade_train_00000714_label_24,,pass,,Is the upper object physically supported? Respond with exactly one token: yes or no.,1,1,1,1,1,1,,assistant_visual_review_v1
preview_pilot_7634b8e47000,pilot_7634b8e47000,ade20k_train_images_training_ade_train_00000680,support_stability,household,displace,change,/Users/saketmaganti/Projects/certVIC/data/edits/main_real_200/orig/pilot_7634b8e47000.jpg,/Users/saketmaganti/Projects/certVIC/data/edits/main_real_200/pilot_7634b8e47000.jpg,ade20k_train_images_training_ade_train_00000680_label_24,,pass,,Is the upper object physically supported? Respond with exactly one token: yes or no.,1,0,1,0,1,0,Sofa area mainly gains/changes pillows/appearance rather than a clean single displacement.,assistant_visual_review_v1
preview_pilot_7856add436f1,pilot_7856add436f1,ade20k_train_images_training_ade_train_00000778,support_stability,household,displace,change,/Users/saketmaganti/Projects/certVIC/data/edits/main_real_200/orig/pilot_7856add436f1.jpg,/Users/saketmaganti/Projects/certVIC/data/edits/main_real_200/pilot_7856add436f1.jpg,ade20k_train_images_training_ade_train_00000778_label_24,,pass,,Is the upper object physically supported? Respond with exactly one token: yes or no.,1,1,1,1,1,1,,assistant_visual_review_v1
preview_pilot_79ae335d22ac,pilot_79ae335d22ac,ade20k_train_images_training_ade_train_00000230,affordance_reachability,household,remove,change,/Users/saketmaganti/Projects/certVIC/data/edits/main_real_200/orig/pilot_79ae335d22ac.jpg,/Users/saketmaganti/Projects/certVIC/data/edits/main_real_200/pilot_79ae335d22ac.jpg,ade20k_train_images_training_ade_train_00000230_label_16,,pass,,Can the person use the target object immediately without moving closer? Respond with exactly one token: yes or no.,1,1,1,1,1,1,,assistant_visual_review_v1
preview_pilot_7af4b227747f,pilot_7af4b227747f,ade20k_train_images_training_ade_train_00000359,affordance_reachability,household,remove,change,/Users/saketmaganti/Projects/certVIC/data/edits/main_real_200/orig/pilot_7af4b227747f.jpg,/Users/saketmaganti/Projects/certVIC/data/edits/main_real_200/pilot_7af4b227747f.jpg,ade20k_train_images_training_ade_train_00000359_label_16,,pass,,Can the person use the target object immediately without moving closer? Respond with exactly one token: yes or no.,1,1,1,1,1,1,,assistant_visual_review_v1
preview_pilot_7d1bd569f40f,pilot_7d1bd569f40f,ade20k_train_images_training_ade_train_00000760,support_stability,household,displace,change,/Users/saketmaganti/Projects/certVIC/data/edits/main_real_200/orig/pilot_7d1bd569f40f.jpg,/Users/saketmaganti/Projects/certVIC/data/edits/main_real_200/pilot_7d1bd569f40f.jpg,ade20k_train_images_training_ade_train_00000760_label_24,,pass,,Is the upper object physically supported? Respond with exactly one token: yes or no.,1,1,1,1,1,1,,assistant_visual_review_v1
preview_pilot_7d2acefd3647,pilot_7d2acefd3647,ade20k_train_images_training_ade_train_00001000,occlusion_safety,household,occlude,no_change,/Users/saketmaganti/Projects/certVIC/data/edits/main_real_200/orig/pilot_7d2acefd3647.jpg,/Users/saketmaganti/Projects/certVIC/data/edits/main_real_200/pilot_7d2acefd3647.jpg,ade20k_train_images_training_ade_train_00001000_label_21,,pass,,Should the agent proceed immediately based only on the visible scene? Respond with exactly one token: yes or no.,1,1,1,1,1,1,,assistant_visual_review_v1
preview_pilot_7d6936907e1b,pilot_7d6936907e1b,ade20k_train_images_training_ade_train_00000570,affordance_reachability,household,remove,change,/Users/saketmaganti/Projects/certVIC/data/edits/main_real_200/orig/pilot_7d6936907e1b.jpg,/Users/saketmaganti/Projects/certVIC/data/edits/main_real_200/pilot_7d6936907e1b.jpg,ade20k_train_images_training_ade_train_00000570_label_16,,pass,,Can the person use the target object immediately without moving closer? Respond with exactly one token: yes or no.,1,0,1,0,1,0,"Edit adds a full table setting/tablecloth and many objects, not a clean single-object removal.",assistant_visual_review_v1
preview_pilot_821a9a874446,pilot_821a9a874446,ade20k_train_images_training_ade_train_00000394,support_stability,household,displace,change,/Users/saketmaganti/Projects/certVIC/data/edits/main_real_200/orig/pilot_821a9a874446.jpg,/Users/saketmaganti/Projects/certVIC/data/edits/main_real_200/pilot_821a9a874446.jpg,ade20k_train_images_training_ade_train_00000394_label_20,,pass,,Is the upper object physically supported? Respond with exactly one token: yes or no.,1,1,1,1,1,1,,assistant_visual_review_v1
preview_pilot_86a8762f4d70,pilot_86a8762f4d70,ade20k_train_images_training_ade_train_00000729,support_stability,household,displace,change,/Users/saketmaganti/Projects/certVIC/data/edits/main_real_200/orig/pilot_86a8762f4d70.jpg,/Users/saketmaganti/Projects/certVIC/data/edits/main_real_200/pilot_86a8762f4d70.jpg,ade20k_train_images_training_ade_train_00000729_label_20,,pass,,Is the upper object physically supported? Respond with exactly one token: yes or no.,1,1,1,1,1,1,,assistant_visual_review_v1
preview_pilot_8725099680e4,pilot_8725099680e4,ade20k_train_images_training_ade_train_00000664,support_stability,household,displace,change,/Users/saketmaganti/Projects/certVIC/data/edits/main_real_200/orig/pilot_8725099680e4.jpg,/Users/saketmaganti/Projects/certVIC/data/edits/main_real_200/pilot_8725099680e4.jpg,ade20k_train_images_training_ade_train_00000664_label_24,,pass,,Is the upper object physically supported? Respond with exactly one token: yes or no.,1,0,1,0,1,0,Sofa texture/appearance changes more than position/support relation; not a clean displacement.,assistant_visual_review_v1
preview_pilot_87e94c9d581e,pilot_87e94c9d581e,ade20k_train_images_training_ade_train_00000810,support_stability,household,displace,change,/Users/saketmaganti/Projects/certVIC/data/edits/main_real_200/orig/pilot_87e94c9d581e.jpg,/Users/saketmaganti/Projects/certVIC/data/edits/main_real_200/pilot_87e94c9d581e.jpg,ade20k_train_images_training_ade_train_00000810_label_24,,pass,,Is the upper object physically supported? Respond with exactly one token: yes or no.,1,1,1,1,1,1,,assistant_visual_review_v1
preview_pilot_8a283cbc9b3e,pilot_8a283cbc9b3e,ade20k_train_images_training_ade_train_00000920,support_stability,household,displace,change,/Users/saketmaganti/Projects/certVIC/data/edits/main_real_200/orig/pilot_8a283cbc9b3e.jpg,/Users/saketmaganti/Projects/certVIC/data/edits/main_real_200/pilot_8a283cbc9b3e.jpg,ade20k_train_images_training_ade_train_00000920_label_24,,pass,,Is the upper object physically supported? Respond with exactly one token: yes or no.,1,1,1,1,1,1,,assistant_visual_review_v1
preview_pilot_8e304d627557,pilot_8e304d627557,ade20k_train_images_training_ade_train_00000469,support_stability,household,displace,change,/Users/saketmaganti/Projects/certVIC/data/edits/main_real_200/orig/pilot_8e304d627557.jpg,/Users/saketmaganti/Projects/certVIC/data/edits/main_real_200/pilot_8e304d627557.jpg,ade20k_train_images_training_ade_train_00000469_label_20,,pass,,Is the upper object physically supported? Respond with exactly one token: yes or no.,1,1,1,1,1,1,,assistant_visual_review_v1
preview_pilot_902e04d96596,pilot_902e04d96596,ade20k_train_images_training_ade_train_00000805,support_stability,household,displace,change,/Users/saketmaganti/Projects/certVIC/data/edits/main_real_200/orig/pilot_902e04d96596.jpg,/Users/saketmaganti/Projects/certVIC/data/edits/main_real_200/pilot_902e04d96596.jpg,ade20k_train_images_training_ade_train_00000805_label_20,,pass,,Is the upper object physically supported? Respond with exactly one token: yes or no.,1,1,1,1,1,1,,assistant_visual_review_v1
preview_pilot_952762e94470,pilot_952762e94470,ade20k_train_images_training_ade_train_00000944,occlusion_safety,household,occlude,no_change,/Users/saketmaganti/Projects/certVIC/data/edits/main_real_200/orig/pilot_952762e94470.jpg,/Users/saketmaganti/Projects/certVIC/data/edits/main_real_200/pilot_952762e94470.jpg,ade20k_train_images_training_ade_train_00000944_label_21,,pass,,Should the agent proceed immediately based only on the visible scene? Respond with exactly one token: yes or no.,1,1,1,1,1,1,,assistant_visual_review_v1
preview_pilot_9ce3ddd62737,pilot_9ce3ddd62737,ade20k_train_images_training_ade_train_00000532,support_stability,household,displace,change,/Users/saketmaganti/Projects/certVIC/data/edits/main_real_200/orig/pilot_9ce3ddd62737.jpg,/Users/saketmaganti/Projects/certVIC/data/edits/main_real_200/pilot_9ce3ddd62737.jpg,ade20k_train_images_training_ade_train_00000532_label_20,,pass,,Is the upper object physically supported? Respond with exactly one token: yes or no.,1,1,1,1,1,1,,assistant_visual_review_v1
preview_pilot_9e08b5bc7972,pilot_9e08b5bc7972,ade20k_train_images_training_ade_train_00000884,support_stability,household,displace,change,/Users/saketmaganti/Projects/certVIC/data/edits/main_real_200/orig/pilot_9e08b5bc7972.jpg,/Users/saketmaganti/Projects/certVIC/data/edits/main_real_200/pilot_9e08b5bc7972.jpg,ade20k_train_images_training_ade_train_00000884_label_24,,pass,,Is the upper object physically supported? Respond with exactly one token: yes or no.,1,0,1,0,1,0,Sofa/pillow appearance changes dominate; displacement/support change is not clearly isolated.,assistant_visual_review_v1
preview_pilot_a2236f567b45,pilot_a2236f567b45,ade20k_train_images_training_ade_train_00000757,support_stability,household,displace,change,/Users/saketmaganti/Projects/certVIC/data/edits/main_real_200/orig/pilot_a2236f567b45.jpg,/Users/saketmaganti/Projects/certVIC/data/edits/main_real_200/pilot_a2236f567b45.jpg,ade20k_train_images_training_ade_train_00000757_label_24,,pass,,Is the upper object physically supported? Respond with exactly one token: yes or no.,1,1,1,1,1,1,,assistant_visual_review_v1
preview_pilot_a6aae2278f2a,pilot_a6aae2278f2a,ade20k_train_images_training_ade_train_00000161,support_stability,household,displace,change,/Users/saketmaganti/Projects/certVIC/data/edits/main_real_200/orig/pilot_a6aae2278f2a.jpg,/Users/saketmaganti/Projects/certVIC/data/edits/main_real_200/pilot_a6aae2278f2a.jpg,ade20k_train_images_training_ade_train_00000161_label_20,,pass,,Is the upper object physically supported? Respond with exactly one token: yes or no.,0,1,0,0,0,0,Changed chair/support region becomes a confusing inpainted vertical artifact; target is unclear.,assistant_visual_review_v1
preview_pilot_a72849e57de2,pilot_a72849e57de2,ade20k_train_images_training_ade_train_00000926,support_stability,household,displace,change,/Users/saketmaganti/Projects/certVIC/data/edits/main_real_200/orig/pilot_a72849e57de2.jpg,/Users/saketmaganti/Projects/certVIC/data/edits/main_real_200/pilot_a72849e57de2.jpg,ade20k_train_images_training_ade_train_00000926_label_24,,pass,,Is the upper object physically supported? Respond with exactly one token: yes or no.,1,1,1,1,1,1,,assistant_visual_review_v1
preview_pilot_a77a6e689ce9,pilot_a77a6e689ce9,ade20k_train_images_training_ade_train_00000912,support_stability,household,displace,change,/Users/saketmaganti/Projects/certVIC/data/edits/main_real_200/orig/pilot_a77a6e689ce9.jpg,/Users/saketmaganti/Projects/certVIC/data/edits/main_real_200/pilot_a77a6e689ce9.jpg,ade20k_train_images_training_ade_train_00000912_label_24,,pass,,Is the upper object physically supported? Respond with exactly one token: yes or no.,1,1,1,1,1,1,,assistant_visual_review_v1
preview_pilot_ac33d7cb1c60,pilot_ac33d7cb1c60,ade20k_train_images_training_ade_train_00000751,support_stability,household,displace,change,/Users/saketmaganti/Projects/certVIC/data/edits/main_real_200/orig/pilot_ac33d7cb1c60.jpg,/Users/saketmaganti/Projects/certVIC/data/edits/main_real_200/pilot_ac33d7cb1c60.jpg,ade20k_train_images_training_ade_train_00000751_label_24,,pass,,Is the upper object physically supported? Respond with exactly one token: yes or no.,1,1,1,1,1,1,,assistant_visual_review_v1
preview_pilot_ae14631f3809,pilot_ae14631f3809,ade20k_train_images_training_ade_train_00000850,support_stability,household,displace,change,/Users/saketmaganti/Projects/certVIC/data/edits/main_real_200/orig/pilot_ae14631f3809.jpg,/Users/saketmaganti/Projects/certVIC/data/edits/main_real_200/pilot_ae14631f3809.jpg,ade20k_train_images_training_ade_train_00000850_label_24,,pass,,Is the upper object physically supported? Respond with exactly one token: yes or no.,1,0,1,0,1,0,Sofa color/material changes rather than a clean displacement/support-relation change.,assistant_visual_review_v1
preview_pilot_aed533eb4623,pilot_aed533eb4623,ade20k_train_images_training_ade_train_00000232,affordance_reachability,household,remove,change,/Users/saketmaganti/Projects/certVIC/data/edits/main_real_200/orig/pilot_aed533eb4623.jpg,/Users/saketmaganti/Projects/certVIC/data/edits/main_real_200/pilot_aed533eb4623.jpg,ade20k_train_images_training_ade_train_00000232_label_16,,pass,,Can the person use the target object immediately without moving closer? Respond with exactly one token: yes or no.,1,1,1,1,1,1,,assistant_visual_review_v1
preview_pilot_b2b9037f5bc4,pilot_b2b9037f5bc4,ade20k_train_images_training_ade_train_00000651,support_stability,household,displace,change,/Users/saketmaganti/Projects/certVIC/data/edits/main_real_200/orig/pilot_b2b9037f5bc4.jpg,/Users/saketmaganti/Projects/certVIC/data/edits/main_real_200/pilot_b2b9037f5bc4.jpg,ade20k_train_images_training_ade_train_00000651_label_24,,pass,,Is the upper object physically supported? Respond with exactly one token: yes or no.,1,1,1,1,1,1,,assistant_visual_review_v1
preview_pilot_b318bcbc2292,pilot_b318bcbc2292,ade20k_train_images_training_ade_train_00000523,affordance_reachability,household,remove,change,/Users/saketmaganti/Projects/certVIC/data/edits/main_real_200/orig/pilot_b318bcbc2292.jpg,/Users/saketmaganti/Projects/certVIC/data/edits/main_real_200/pilot_b318bcbc2292.jpg,ade20k_train_images_training_ade_train_00000523_label_16,,pass,,Can the person use the target object immediately without moving closer? Respond with exactly one token: yes or no.,1,1,1,1,1,1,,assistant_visual_review_v1
preview_pilot_b531c647f29f,pilot_b531c647f29f,ade20k_train_images_training_ade_train_00000206,support_stability,household,displace,change,/Users/saketmaganti/Projects/certVIC/data/edits/main_real_200/orig/pilot_b531c647f29f.jpg,/Users/saketmaganti/Projects/certVIC/data/edits/main_real_200/pilot_b531c647f29f.jpg,ade20k_train_images_training_ade_train_00000206_label_20,,pass,,Is the upper object physically supported? Respond with exactly one token: yes or no.,1,1,1,1,1,1,,assistant_visual_review_v1
preview_pilot_b9d07041adf4,pilot_b9d07041adf4,ade20k_train_images_training_ade_train_00000899,affordance_reachability,household,remove,change,/Users/saketmaganti/Projects/certVIC/data/edits/main_real_200/orig/pilot_b9d07041adf4.jpg,/Users/saketmaganti/Projects/certVIC/data/edits/main_real_200/pilot_b9d07041adf4.jpg,ade20k_train_images_training_ade_train_00000899_label_16,,pass,,Can the person use the target object immediately without moving closer? Respond with exactly one token: yes or no.,1,1,1,1,1,1,,assistant_visual_review_v1
preview_pilot_bab291588bc7,pilot_bab291588bc7,ade20k_train_images_training_ade_train_00000395,affordance_reachability,household,remove,change,/Users/saketmaganti/Projects/certVIC/data/edits/main_real_200/orig/pilot_bab291588bc7.jpg,/Users/saketmaganti/Projects/certVIC/data/edits/main_real_200/pilot_bab291588bc7.jpg,ade20k_train_images_training_ade_train_00000395_label_16,,pass,,Can the person use the target object immediately without moving closer? Respond with exactly one token: yes or no.,1,1,1,1,1,1,,assistant_visual_review_v1
preview_pilot_babcadabcffa,pilot_babcadabcffa,ade20k_train_images_training_ade_train_00000879,affordance_reachability,household,remove,change,/Users/saketmaganti/Projects/certVIC/data/edits/main_real_200/orig/pilot_babcadabcffa.jpg,/Users/saketmaganti/Projects/certVIC/data/edits/main_real_200/pilot_babcadabcffa.jpg,ade20k_train_images_training_ade_train_00000879_label_16,,pass,,Can the person use the target object immediately without moving closer? Respond with exactly one token: yes or no.,1,1,1,1,1,1,,assistant_visual_review_v1
preview_pilot_bceacc91c7dd,pilot_bceacc91c7dd,ade20k_train_images_training_ade_train_00000688,support_stability,household,displace,change,/Users/saketmaganti/Projects/certVIC/data/edits/main_real_200/orig/pilot_bceacc91c7dd.jpg,/Users/saketmaganti/Projects/certVIC/data/edits/main_real_200/pilot_bceacc91c7dd.jpg,ade20k_train_images_training_ade_train_00000688_label_24,,pass,,Is the upper object physically supported? Respond with exactly one token: yes or no.,1,1,1,1,1,1,,assistant_visual_review_v1
preview_pilot_bddcf74cb433,pilot_bddcf74cb433,ade20k_train_images_training_ade_train_00000342,affordance_reachability,household,remove,change,/Users/saketmaganti/Projects/certVIC/data/edits/main_real_200/orig/pilot_bddcf74cb433.jpg,/Users/saketmaganti/Projects/certVIC/data/edits/main_real_200/pilot_bddcf74cb433.jpg,ade20k_train_images_training_ade_train_00000342_label_16,,pass,,Can the person use the target object immediately without moving closer? Respond with exactly one token: yes or no.,1,1,1,1,1,1,,assistant_visual_review_v1
preview_pilot_bf5dc60f7821,pilot_bf5dc60f7821,ade20k_train_images_training_ade_train_00000582,occlusion_safety,household,occlude,no_change,/Users/saketmaganti/Projects/certVIC/data/edits/main_real_200/orig/pilot_bf5dc60f7821.jpg,/Users/saketmaganti/Projects/certVIC/data/edits/main_real_200/pilot_bf5dc60f7821.jpg,ade20k_train_images_training_ade_train_00000582_label_21,,pass,,Should the agent proceed immediately based only on the visible scene? Respond with exactly one token: yes or no.,1,1,1,1,1,1,,assistant_visual_review_v1
preview_pilot_bfdba880bccd,pilot_bfdba880bccd,ade20k_train_images_training_ade_train_00000749,support_stability,household,displace,change,/Users/saketmaganti/Projects/certVIC/data/edits/main_real_200/orig/pilot_bfdba880bccd.jpg,/Users/saketmaganti/Projects/certVIC/data/edits/main_real_200/pilot_bfdba880bccd.jpg,ade20k_train_images_training_ade_train_00000749_label_24,,pass,,Is the upper object physically supported? Respond with exactly one token: yes or no.,1,1,1,1,1,1,,assistant_visual_review_v1
preview_pilot_c3c3b3c1ead9,pilot_c3c3b3c1ead9,ade20k_train_images_training_ade_train_00000839,support_stability,household,displace,change,/Users/saketmaganti/Projects/certVIC/data/edits/main_real_200/orig/pilot_c3c3b3c1ead9.jpg,/Users/saketmaganti/Projects/certVIC/data/edits/main_real_200/pilot_c3c3b3c1ead9.jpg,ade20k_train_images_training_ade_train_00000839_label_24,,pass,,Is the upper object physically supported? Respond with exactly one token: yes or no.,1,1,1,1,1,1,,assistant_visual_review_v1
preview_pilot_caf50be3f2be,pilot_caf50be3f2be,ade20k_train_images_training_ade_train_00000374,support_stability,household,displace,change,/Users/saketmaganti/Projects/certVIC/data/edits/main_real_200/orig/pilot_caf50be3f2be.jpg,/Users/saketmaganti/Projects/certVIC/data/edits/main_real_200/pilot_caf50be3f2be.jpg,ade20k_train_images_training_ade_train_00000374_label_20,,pass,,Is the upper object physically supported? Respond with exactly one token: yes or no.,1,1,1,1,1,1,,assistant_visual_review_v1
preview_pilot_ce19f8655c97,pilot_ce19f8655c97,ade20k_train_images_training_ade_train_00000738,support_stability,household,displace,change,/Users/saketmaganti/Projects/certVIC/data/edits/main_real_200/orig/pilot_ce19f8655c97.jpg,/Users/saketmaganti/Projects/certVIC/data/edits/main_real_200/pilot_ce19f8655c97.jpg,ade20k_train_images_training_ade_train_00000738_label_24,,pass,,Is the upper object physically supported? Respond with exactly one token: yes or no.,1,1,1,1,1,1,,assistant_visual_review_v1
preview_pilot_d0e82019360b,pilot_d0e82019360b,ade20k_train_images_training_ade_train_00000358,affordance_reachability,household,remove,change,/Users/saketmaganti/Projects/certVIC/data/edits/main_real_200/orig/pilot_d0e82019360b.jpg,/Users/saketmaganti/Projects/certVIC/data/edits/main_real_200/pilot_d0e82019360b.jpg,ade20k_train_images_training_ade_train_00000358_label_16,,pass,,Can the person use the target object immediately without moving closer? Respond with exactly one token: yes or no.,1,1,1,1,1,1,,assistant_visual_review_v1
preview_pilot_d24e8a304df6,pilot_d24e8a304df6,ade20k_train_images_training_ade_train_00000946,occlusion_safety,household,occlude,no_change,/Users/saketmaganti/Projects/certVIC/data/edits/main_real_200/orig/pilot_d24e8a304df6.jpg,/Users/saketmaganti/Projects/certVIC/data/edits/main_real_200/pilot_d24e8a304df6.jpg,ade20k_train_images_training_ade_train_00000946_label_21,,pass,,Should the agent proceed immediately based only on the visible scene? Respond with exactly one token: yes or no.,1,1,1,1,1,1,,assistant_visual_review_v1
preview_pilot_d7af8a72d3e0,pilot_d7af8a72d3e0,ade20k_train_images_training_ade_train_00000921,support_stability,household,displace,change,/Users/saketmaganti/Projects/certVIC/data/edits/main_real_200/orig/pilot_d7af8a72d3e0.jpg,/Users/saketmaganti/Projects/certVIC/data/edits/main_real_200/pilot_d7af8a72d3e0.jpg,ade20k_train_images_training_ade_train_00000921_label_24,,pass,,Is the upper object physically supported? Respond with exactly one token: yes or no.,1,1,1,1,1,1,,assistant_visual_review_v1
preview_pilot_da1a9a03c0b6,pilot_da1a9a03c0b6,ade20k_train_images_training_ade_train_00000377,affordance_reachability,household,remove,change,/Users/saketmaganti/Projects/certVIC/data/edits/main_real_200/orig/pilot_da1a9a03c0b6.jpg,/Users/saketmaganti/Projects/certVIC/data/edits/main_real_200/pilot_da1a9a03c0b6.jpg,ade20k_train_images_training_ade_train_00000377_label_16,,pass,,Can the person use the target object immediately without moving closer? Respond with exactly one token: yes or no.,1,1,1,1,1,1,,assistant_visual_review_v1
preview_pilot_dfc7f95c2bf6,pilot_dfc7f95c2bf6,ade20k_train_images_training_ade_train_00000740,support_stability,household,displace,change,/Users/saketmaganti/Projects/certVIC/data/edits/main_real_200/orig/pilot_dfc7f95c2bf6.jpg,/Users/saketmaganti/Projects/certVIC/data/edits/main_real_200/pilot_dfc7f95c2bf6.jpg,ade20k_train_images_training_ade_train_00000740_label_24,,pass,,Is the upper object physically supported? Respond with exactly one token: yes or no.,1,1,1,1,1,1,,assistant_visual_review_v1
preview_pilot_e5fdeb86a995,pilot_e5fdeb86a995,ade20k_train_images_training_ade_train_00000527,affordance_reachability,household,remove,change,/Users/saketmaganti/Projects/certVIC/data/edits/main_real_200/orig/pilot_e5fdeb86a995.jpg,/Users/saketmaganti/Projects/certVIC/data/edits/main_real_200/pilot_e5fdeb86a995.jpg,ade20k_train_images_training_ade_train_00000527_label_16,,pass,,Can the person use the target object immediately without moving closer? Respond with exactly one token: yes or no.,1,1,1,1,1,1,,assistant_visual_review_v1
preview_pilot_e736a20e774d,pilot_e736a20e774d,ade20k_train_images_training_ade_train_00000835,affordance_reachability,household,remove,change,/Users/saketmaganti/Projects/certVIC/data/edits/main_real_200/orig/pilot_e736a20e774d.jpg,/Users/saketmaganti/Projects/certVIC/data/edits/main_real_200/pilot_e736a20e774d.jpg,ade20k_train_images_training_ade_train_00000835_label_16,,pass,,Can the person use the target object immediately without moving closer? Respond with exactly one token: yes or no.,1,1,1,1,1,1,,assistant_visual_review_v1
preview_pilot_e7a4280b4ffa,pilot_e7a4280b4ffa,ade20k_train_images_training_ade_train_00000217,affordance_reachability,household,remove,change,/Users/saketmaganti/Projects/certVIC/data/edits/main_real_200/orig/pilot_e7a4280b4ffa.jpg,/Users/saketmaganti/Projects/certVIC/data/edits/main_real_200/pilot_e7a4280b4ffa.jpg,ade20k_train_images_training_ade_train_00000217_label_16,,pass,,Can the person use the target object immediately without moving closer? Respond with exactly one token: yes or no.,1,1,1,1,1,1,,assistant_visual_review_v1
preview_pilot_e7ae50dba6e1,pilot_e7ae50dba6e1,ade20k_train_images_training_ade_train_00000405,affordance_reachability,household,remove,change,/Users/saketmaganti/Projects/certVIC/data/edits/main_real_200/orig/pilot_e7ae50dba6e1.jpg,/Users/saketmaganti/Projects/certVIC/data/edits/main_real_200/pilot_e7ae50dba6e1.jpg,ade20k_train_images_training_ade_train_00000405_label_16,,pass,,Can the person use the target object immediately without moving closer? Respond with exactly one token: yes or no.,1,1,1,1,1,1,,assistant_visual_review_v1
preview_pilot_eabb438e5961,pilot_eabb438e5961,ade20k_train_images_training_ade_train_00000387,affordance_reachability,household,remove,change,/Users/saketmaganti/Projects/certVIC/data/edits/main_real_200/orig/pilot_eabb438e5961.jpg,/Users/saketmaganti/Projects/certVIC/data/edits/main_real_200/pilot_eabb438e5961.jpg,ade20k_train_images_training_ade_train_00000387_label_16,,pass,,Can the person use the target object immediately without moving closer? Respond with exactly one token: yes or no.,1,1,1,1,1,1,,assistant_visual_review_v1
preview_pilot_ed9ea335a7af,pilot_ed9ea335a7af,ade20k_train_images_training_ade_train_00000734,support_stability,household,displace,change,/Users/saketmaganti/Projects/certVIC/data/edits/main_real_200/orig/pilot_ed9ea335a7af.jpg,/Users/saketmaganti/Projects/certVIC/data/edits/main_real_200/pilot_ed9ea335a7af.jpg,ade20k_train_images_training_ade_train_00000734_label_24,,pass,,Is the upper object physically supported? Respond with exactly one token: yes or no.,1,0,1,0,1,0,Sofa style/texture changes rather than a clean displacement/support-relation change.,assistant_visual_review_v1
preview_pilot_eeb6829fee0f,pilot_eeb6829fee0f,ade20k_train_images_training_ade_train_00000402,support_stability,household,displace,change,/Users/saketmaganti/Projects/certVIC/data/edits/main_real_200/orig/pilot_eeb6829fee0f.jpg,/Users/saketmaganti/Projects/certVIC/data/edits/main_real_200/pilot_eeb6829fee0f.jpg,ade20k_train_images_training_ade_train_00000402_label_20,,pass,,Is the upper object physically supported? Respond with exactly one token: yes or no.,1,1,1,1,1,1,,assistant_visual_review_v1
preview_pilot_f3dddd670aa6,pilot_f3dddd670aa6,ade20k_train_images_training_ade_train_00000246,affordance_reachability,household,remove,change,/Users/saketmaganti/Projects/certVIC/data/edits/main_real_200/orig/pilot_f3dddd670aa6.jpg,/Users/saketmaganti/Projects/certVIC/data/edits/main_real_200/pilot_f3dddd670aa6.jpg,ade20k_train_images_training_ade_train_00000246_label_16,,pass,,Can the person use the target object immediately without moving closer? Respond with exactly one token: yes or no.,1,1,1,1,1,1,,assistant_visual_review_v1
preview_pilot_f4ca71a9d739,pilot_f4ca71a9d739,ade20k_train_images_training_ade_train_00000050,support_stability,household,displace,change,/Users/saketmaganti/Projects/certVIC/data/edits/main_real_200/orig/pilot_f4ca71a9d739.jpg,/Users/saketmaganti/Projects/certVIC/data/edits/main_real_200/pilot_f4ca71a9d739.jpg,ade20k_train_images_training_ade_train_00000050_label_20,,pass,,Is the upper object physically supported? Respond with exactly one token: yes or no.,1,1,1,1,1,1,,assistant_visual_review_v1
preview_pilot_f7f706d3f9f5,pilot_f7f706d3f9f5,ade20k_train_images_training_ade_train_00000693,support_stability,household,displace,change,/Users/saketmaganti/Projects/certVIC/data/edits/main_real_200/orig/pilot_f7f706d3f9f5.jpg,/Users/saketmaganti/Projects/certVIC/data/edits/main_real_200/pilot_f7f706d3f9f5.jpg,ade20k_train_images_training_ade_train_00000693_label_24,,pass,,Is the upper object physically supported? Respond with exactly one token: yes or no.,1,1,1,1,1,1,,assistant_visual_review_v1
preview_pilot_fe1acfafc429,pilot_fe1acfafc429,ade20k_train_images_training_ade_train_00000802,support_stability,household,displace,change,/Users/saketmaganti/Projects/certVIC/data/edits/main_real_200/orig/pilot_fe1acfafc429.jpg,/Users/saketmaganti/Projects/certVIC/data/edits/main_real_200/pilot_fe1acfafc429.jpg,ade20k_train_images_training_ade_train_00000802_label_24,,pass,,Is the upper object physically supported? Respond with exactly one token: yes or no.,1,1,1,1,1,1,,assistant_visual_review_v1
preview_pilot_fe56617894f8,pilot_fe56617894f8,ade20k_train_images_training_ade_train_00000758,support_stability,household,displace,change,/Users/saketmaganti/Projects/certVIC/data/edits/main_real_200/orig/pilot_fe56617894f8.jpg,/Users/saketmaganti/Projects/certVIC/data/edits/main_real_200/pilot_fe56617894f8.jpg,ade20k_train_images_training_ade_train_00000758_label_24,,pass,,Is the upper object physically supported? Respond with exactly one token: yes or no.,1,1,1,1,1,1,,assistant_visual_review_v1
preview_pilot_ff8eed607a75,pilot_ff8eed607a75,ade20k_train_images_training_ade_train_00000304,affordance_reachability,household,remove,change,/Users/saketmaganti/Projects/certVIC/data/edits/main_real_200/orig/pilot_ff8eed607a75.jpg,/Users/saketmaganti/Projects/certVIC/data/edits/main_real_200/pilot_ff8eed607a75.jpg,ade20k_train_images_training_ade_train_00000304_label_16,,pass,,Can the person use the target object immediately without moving closer? Respond with exactly one token: yes or no.,1,1,1,1,1,1,,assistant_visual_review_v1
