item_id,provider,run_tag,target_object,task_family,required_change,expected_no_change,question,original_image_path,edited_image_path,original_raw_answer,edited_raw_answer,original_parsed_answer,edited_parsed_answer,original_parse_ok,edited_parse_ok,original_run_id,edited_run_id,flipped,parse_error_flag,image_mismatch_flag,patch_bbox_xyxy,target_bbox_xyxy,patch_target_mask_overlap_pixels,patch_bbox_intersects_object_bbox,patch_object_bbox_distance_px,detectability_score
sflip_table_ADE_train_00000279,qwen2_5_vl_7b,spurious,table,occlusion_safety,no_change,True,Is there a clearly visible table in the image? Respond with exactly one token: yes or no.,data/edits/spurious_flip_control/orig/sflip_table_ADE_train_00000279.jpg,data/edits/spurious_flip_control/sflip_table_ADE_train_00000279.jpg,no,no,no,no,True,True,remaining_qwen2_5_vl_7b_spurious_shard0,remaining_qwen2_5_vl_7b_spurious_shard0,False,False,False,"[347, 22, 483, 158]","[429, 216, 528, 322]",0,False,58.0,
sflip_table_ADE_train_00000220,qwen2_5_vl_7b,spurious,table,occlusion_safety,no_change,True,Is there a clearly visible table in the image? Respond with exactly one token: yes or no.,data/edits/spurious_flip_control/orig/sflip_table_ADE_train_00000220.jpg,data/edits/spurious_flip_control/sflip_table_ADE_train_00000220.jpg,yes,yes,yes,yes,True,True,remaining_qwen2_5_vl_7b_spurious_shard1,remaining_qwen2_5_vl_7b_spurious_shard1,False,False,False,"[20, 9, 96, 85]","[0, 150, 59, 203]",0,False,65.0,
sflip_table_ADE_train_00000231,qwen2_5_vl_7b,spurious,table,occlusion_safety,no_change,True,Is there a clearly visible table in the image? Respond with exactly one token: yes or no.,data/edits/spurious_flip_control/orig/sflip_table_ADE_train_00000231.jpg,data/edits/spurious_flip_control/sflip_table_ADE_train_00000231.jpg,yes,yes,yes,yes,True,True,remaining_qwen2_5_vl_7b_spurious_shard0,remaining_qwen2_5_vl_7b_spurious_shard0,False,False,False,"[282, 268, 469, 454]","[184, 271, 766, 510]",0,True,0.0,
sflip_table_ADE_train_00000219,qwen2_5_vl_7b,spurious,table,occlusion_safety,no_change,True,Is there a clearly visible table in the image? Respond with exactly one token: yes or no.,data/edits/spurious_flip_control/orig/sflip_table_ADE_train_00000219.jpg,data/edits/spurious_flip_control/sflip_table_ADE_train_00000219.jpg,yes,yes,yes,yes,True,True,remaining_qwen2_5_vl_7b_spurious_shard1,remaining_qwen2_5_vl_7b_spurious_shard1,False,False,False,"[21, 91, 99, 169]","[112, 84, 233, 217]",0,False,13.0,
sflip_table_ADE_train_00000365,qwen2_5_vl_7b,spurious,table,occlusion_safety,no_change,True,Is there a clearly visible table in the image? Respond with exactly one token: yes or no.,data/edits/spurious_flip_control/orig/sflip_table_ADE_train_00000365.jpg,data/edits/spurious_flip_control/sflip_table_ADE_train_00000365.jpg,yes,yes,yes,yes,True,True,remaining_qwen2_5_vl_7b_spurious_shard0,remaining_qwen2_5_vl_7b_spurious_shard0,False,False,False,"[343, 249, 531, 437]","[598, 287, 752, 421]",0,False,67.0,
sflip_table_ADE_train_00000233,qwen2_5_vl_7b,spurious,table,occlusion_safety,no_change,True,Is there a clearly visible table in the image? Respond with exactly one token: yes or no.,data/edits/spurious_flip_control/orig/sflip_table_ADE_train_00000233.jpg,data/edits/spurious_flip_control/sflip_table_ADE_train_00000233.jpg,no,no,no,no,True,True,remaining_qwen2_5_vl_7b_spurious_shard1,remaining_qwen2_5_vl_7b_spurious_shard1,False,False,False,"[277, 8, 464, 195]","[1, 285, 448, 511]",0,False,90.0,0.11985
sflip_table_ADE_train_00000196,qwen2_5_vl_7b,spurious,table,occlusion_safety,no_change,True,Is there a clearly visible table in the image? Respond with exactly one token: yes or no.,data/edits/spurious_flip_control/orig/sflip_table_ADE_train_00000196.jpg,data/edits/spurious_flip_control/sflip_table_ADE_train_00000196.jpg,yes,yes,yes,yes,True,True,remaining_qwen2_5_vl_7b_spurious_shard0,remaining_qwen2_5_vl_7b_spurious_shard0,False,False,False,"[406, 190, 580, 364]","[16, 294, 164, 425]",0,False,242.0,
sflip_table_ADE_train_00000480,qwen2_5_vl_7b,spurious,table,occlusion_safety,no_change,True,Is there a clearly visible table in the image? Respond with exactly one token: yes or no.,data/edits/spurious_flip_control/orig/sflip_table_ADE_train_00000480.jpg,data/edits/spurious_flip_control/sflip_table_ADE_train_00000480.jpg,no,no,no,no,True,True,remaining_qwen2_5_vl_7b_spurious_shard1,remaining_qwen2_5_vl_7b_spurious_shard1,False,False,False,"[103, 31, 290, 218]","[0, 231, 423, 453]",0,False,13.0,
sflip_table_ADE_train_00000485,qwen2_5_vl_7b,spurious,table,occlusion_safety,no_change,True,Is there a clearly visible table in the image? Respond with exactly one token: yes or no.,data/edits/spurious_flip_control/orig/sflip_table_ADE_train_00000485.jpg,data/edits/spurious_flip_control/sflip_table_ADE_train_00000485.jpg,no,no,no,no,True,True,remaining_qwen2_5_vl_7b_spurious_shard0,remaining_qwen2_5_vl_7b_spurious_shard0,False,False,False,"[547, 23, 734, 211]","[530, 225, 689, 354]",0,False,14.0,
sflip_table_ADE_train_00000384,qwen2_5_vl_7b,spurious,table,occlusion_safety,no_change,True,Is there a clearly visible table in the image? Respond with exactly one token: yes or no.,data/edits/spurious_flip_control/orig/sflip_table_ADE_train_00000384.jpg,data/edits/spurious_flip_control/sflip_table_ADE_train_00000384.jpg,yes,yes,yes,yes,True,True,remaining_qwen2_5_vl_7b_spurious_shard1,remaining_qwen2_5_vl_7b_spurious_shard1,False,False,False,"[128, 14, 315, 201]","[290, 339, 490, 489]",0,False,138.0,0.09787
sflip_table_ADE_train_00000246,qwen2_5_vl_7b,spurious,table,occlusion_safety,no_change,True,Is there a clearly visible table in the image? Respond with exactly one token: yes or no.,data/edits/spurious_flip_control/orig/sflip_table_ADE_train_00000246.jpg,data/edits/spurious_flip_control/sflip_table_ADE_train_00000246.jpg,yes,yes,yes,yes,True,True,remaining_qwen2_5_vl_7b_spurious_shard0,remaining_qwen2_5_vl_7b_spurious_shard0,False,False,False,"[620, 18, 815, 213]","[1, 256, 734, 512]",0,False,43.0,0.11218
sflip_table_ADE_train_00000418,qwen2_5_vl_7b,spurious,table,occlusion_safety,no_change,True,Is there a clearly visible table in the image? Respond with exactly one token: yes or no.,data/edits/spurious_flip_control/orig/sflip_table_ADE_train_00000418.jpg,data/edits/spurious_flip_control/sflip_table_ADE_train_00000418.jpg,yes,yes,yes,yes,True,True,remaining_qwen2_5_vl_7b_spurious_shard1,remaining_qwen2_5_vl_7b_spurious_shard1,False,False,False,"[557, 11, 745, 199]","[236, 200, 554, 512]",0,False,3.162,0.0994
sflip_table_ADE_train_00000377,qwen2_5_vl_7b,spurious,table,occlusion_safety,no_change,True,Is there a clearly visible table in the image? Respond with exactly one token: yes or no.,data/edits/spurious_flip_control/orig/sflip_table_ADE_train_00000377.jpg,data/edits/spurious_flip_control/sflip_table_ADE_train_00000377.jpg,yes,no,yes,no,True,True,remaining_qwen2_5_vl_7b_spurious_shard0,remaining_qwen2_5_vl_7b_spurious_shard0,True,False,False,"[35, 133, 212, 310]","[216, 184, 400, 407]",0,False,4.0,
sflip_table_ADE_train_00000342,qwen2_5_vl_7b,spurious,table,occlusion_safety,no_change,True,Is there a clearly visible table in the image? Respond with exactly one token: yes or no.,data/edits/spurious_flip_control/orig/sflip_table_ADE_train_00000342.jpg,data/edits/spurious_flip_control/sflip_table_ADE_train_00000342.jpg,yes,yes,yes,yes,True,True,remaining_qwen2_5_vl_7b_spurious_shard1,remaining_qwen2_5_vl_7b_spurious_shard1,False,False,False,"[223, 179, 379, 335]","[148, 232, 638, 425]",0,True,0.0,
sflip_table_ADE_train_00000457,qwen2_5_vl_7b,spurious,table,occlusion_safety,no_change,True,Is there a clearly visible table in the image? Respond with exactly one token: yes or no.,data/edits/spurious_flip_control/orig/sflip_table_ADE_train_00000457.jpg,data/edits/spurious_flip_control/sflip_table_ADE_train_00000457.jpg,yes,yes,yes,yes,True,True,remaining_qwen2_5_vl_7b_spurious_shard0,remaining_qwen2_5_vl_7b_spurious_shard0,False,False,False,"[305, 20, 463, 176]","[0, 248, 120, 383]",0,False,198.517,0.14462
sflip_table_ADE_train_00000201,qwen2_5_vl_7b,spurious,table,occlusion_safety,no_change,True,Is there a clearly visible table in the image? Respond with exactly one token: yes or no.,data/edits/spurious_flip_control/orig/sflip_table_ADE_train_00000201.jpg,data/edits/spurious_flip_control/sflip_table_ADE_train_00000201.jpg,yes,yes,yes,yes,True,True,remaining_qwen2_5_vl_7b_spurious_shard1,remaining_qwen2_5_vl_7b_spurious_shard1,False,False,False,"[266, 102, 462, 297]","[0, 325, 650, 464]",0,False,28.0,0.09659
sflip_table_ADE_train_00000360,qwen2_5_vl_7b,spurious,table,occlusion_safety,no_change,True,Is there a clearly visible table in the image? Respond with exactly one token: yes or no.,data/edits/spurious_flip_control/orig/sflip_table_ADE_train_00000360.jpg,data/edits/spurious_flip_control/sflip_table_ADE_train_00000360.jpg,yes,yes,yes,yes,True,True,remaining_qwen2_5_vl_7b_spurious_shard0,remaining_qwen2_5_vl_7b_spurious_shard0,False,False,False,"[59, 104, 246, 291]","[282, 220, 736, 364]",0,False,36.0,
sflip_table_ADE_train_00000476,qwen2_5_vl_7b,spurious,table,occlusion_safety,no_change,True,Is there a clearly visible table in the image? Respond with exactly one token: yes or no.,data/edits/spurious_flip_control/orig/sflip_table_ADE_train_00000476.jpg,data/edits/spurious_flip_control/sflip_table_ADE_train_00000476.jpg,no,no,no,no,True,True,remaining_qwen2_5_vl_7b_spurious_shard1,remaining_qwen2_5_vl_7b_spurious_shard1,False,False,False,"[175, 82, 349, 256]","[0, 289, 329, 444]",0,False,33.0,
sflip_table_ADE_train_00000452,qwen2_5_vl_7b,spurious,table,occlusion_safety,no_change,True,Is there a clearly visible table in the image? Respond with exactly one token: yes or no.,data/edits/spurious_flip_control/orig/sflip_table_ADE_train_00000452.jpg,data/edits/spurious_flip_control/sflip_table_ADE_train_00000452.jpg,yes,yes,yes,yes,True,True,remaining_qwen2_5_vl_7b_spurious_shard0,remaining_qwen2_5_vl_7b_spurious_shard0,False,False,False,"[452, 305, 632, 485]","[0, 393, 217, 511]",0,False,235.0,
sflip_table_ADE_train_00000425,qwen2_5_vl_7b,spurious,table,occlusion_safety,no_change,True,Is there a clearly visible table in the image? Respond with exactly one token: yes or no.,data/edits/spurious_flip_control/orig/sflip_table_ADE_train_00000425.jpg,data/edits/spurious_flip_control/sflip_table_ADE_train_00000425.jpg,yes,yes,yes,yes,True,True,remaining_qwen2_5_vl_7b_spurious_shard1,remaining_qwen2_5_vl_7b_spurious_shard1,False,False,False,"[520, 291, 708, 479]","[1, 253, 425, 454]",0,False,95.0,
sflip_table_ADE_train_00000256,qwen2_5_vl_7b,spurious,table,occlusion_safety,no_change,True,Is there a clearly visible table in the image? Respond with exactly one token: yes or no.,data/edits/spurious_flip_control/orig/sflip_table_ADE_train_00000256.jpg,data/edits/spurious_flip_control/sflip_table_ADE_train_00000256.jpg,yes,yes,yes,yes,True,True,remaining_qwen2_5_vl_7b_spurious_shard0,remaining_qwen2_5_vl_7b_spurious_shard0,False,False,False,"[287, 278, 465, 456]","[0, 234, 456, 392]",0,True,0.0,
sflip_table_ADE_train_00000218,qwen2_5_vl_7b,spurious,table,occlusion_safety,no_change,True,Is there a clearly visible table in the image? Respond with exactly one token: yes or no.,data/edits/spurious_flip_control/orig/sflip_table_ADE_train_00000218.jpg,data/edits/spurious_flip_control/sflip_table_ADE_train_00000218.jpg,yes,yes,yes,yes,True,True,remaining_qwen2_5_vl_7b_spurious_shard1,remaining_qwen2_5_vl_7b_spurious_shard1,False,False,False,"[196, 0, 387, 191]","[69, 311, 436, 457]",0,False,120.0,
sflip_table_ADE_train_00000289,qwen2_5_vl_7b,spurious,table,occlusion_safety,no_change,True,Is there a clearly visible table in the image? Respond with exactly one token: yes or no.,data/edits/spurious_flip_control/orig/sflip_table_ADE_train_00000289.jpg,data/edits/spurious_flip_control/sflip_table_ADE_train_00000289.jpg,yes,yes,yes,yes,True,True,remaining_qwen2_5_vl_7b_spurious_shard0,remaining_qwen2_5_vl_7b_spurious_shard0,False,False,False,"[228, 122, 416, 310]","[555, 295, 768, 512]",0,False,139.0,
sflip_table_ADE_train_00000228,qwen2_5_vl_7b,spurious,table,occlusion_safety,no_change,True,Is there a clearly visible table in the image? Respond with exactly one token: yes or no.,data/edits/spurious_flip_control/orig/sflip_table_ADE_train_00000228.jpg,data/edits/spurious_flip_control/sflip_table_ADE_train_00000228.jpg,yes,yes,yes,yes,True,True,remaining_qwen2_5_vl_7b_spurious_shard1,remaining_qwen2_5_vl_7b_spurious_shard1,False,False,False,"[84, 23, 261, 200]","[0, 281, 682, 511]",0,False,81.0,
sflip_sofa_ADE_train_00000668,qwen2_5_vl_7b,spurious,sofa,occlusion_safety,no_change,True,Is there a clearly visible sofa in the image? Respond with exactly one token: yes or no.,data/edits/spurious_flip_control/orig/sflip_sofa_ADE_train_00000668.jpg,data/edits/spurious_flip_control/sflip_sofa_ADE_train_00000668.jpg,yes,yes,yes,yes,True,True,remaining_qwen2_5_vl_7b_spurious_shard0,remaining_qwen2_5_vl_7b_spurious_shard0,False,False,False,"[138, 21, 311, 194]","[0, 298, 174, 511]",0,False,104.0,
sflip_sofa_ADE_train_00000708,qwen2_5_vl_7b,spurious,sofa,occlusion_safety,no_change,True,Is there a clearly visible sofa in the image? Respond with exactly one token: yes or no.,data/edits/spurious_flip_control/orig/sflip_sofa_ADE_train_00000708.jpg,data/edits/spurious_flip_control/sflip_sofa_ADE_train_00000708.jpg,yes,yes,yes,yes,True,True,remaining_qwen2_5_vl_7b_spurious_shard1,remaining_qwen2_5_vl_7b_spurious_shard1,False,False,False,"[132, 280, 320, 468]","[364, 283, 642, 512]",0,False,44.0,
sflip_sofa_ADE_train_00000273,qwen2_5_vl_7b,spurious,sofa,occlusion_safety,no_change,True,Is there a clearly visible sofa in the image? Respond with exactly one token: yes or no.,data/edits/spurious_flip_control/orig/sflip_sofa_ADE_train_00000273.jpg,data/edits/spurious_flip_control/sflip_sofa_ADE_train_00000273.jpg,yes,yes,yes,yes,True,True,remaining_qwen2_5_vl_7b_spurious_shard0,remaining_qwen2_5_vl_7b_spurious_shard0,False,False,False,"[157, 24, 334, 201]","[212, 196, 651, 511]",0,True,0.0,
sflip_sofa_ADE_train_00000738,qwen2_5_vl_7b,spurious,sofa,occlusion_safety,no_change,True,Is there a clearly visible sofa in the image? Respond with exactly one token: yes or no.,data/edits/spurious_flip_control/orig/sflip_sofa_ADE_train_00000738.jpg,data/edits/spurious_flip_control/sflip_sofa_ADE_train_00000738.jpg,yes,yes,yes,yes,True,True,remaining_qwen2_5_vl_7b_spurious_shard1,remaining_qwen2_5_vl_7b_spurious_shard1,False,False,False,"[412, 154, 584, 326]","[114, 266, 341, 448]",0,False,71.0,
sflip_sofa_ADE_train_00000681,qwen2_5_vl_7b,spurious,sofa,occlusion_safety,no_change,True,Is there a clearly visible sofa in the image? Respond with exactly one token: yes or no.,data/edits/spurious_flip_control/orig/sflip_sofa_ADE_train_00000681.jpg,data/edits/spurious_flip_control/sflip_sofa_ADE_train_00000681.jpg,yes,yes,yes,yes,True,True,remaining_qwen2_5_vl_7b_spurious_shard0,remaining_qwen2_5_vl_7b_spurious_shard0,False,False,False,"[574, 50, 762, 238]","[0, 332, 773, 512]",0,False,94.0,0.12445
sflip_sofa_ADE_train_00000704,qwen2_5_vl_7b,spurious,sofa,occlusion_safety,no_change,True,Is there a clearly visible sofa in the image? Respond with exactly one token: yes or no.,data/edits/spurious_flip_control/orig/sflip_sofa_ADE_train_00000704.jpg,data/edits/spurious_flip_control/sflip_sofa_ADE_train_00000704.jpg,yes,no,yes,no,True,True,remaining_qwen2_5_vl_7b_spurious_shard1,remaining_qwen2_5_vl_7b_spurious_shard1,True,False,False,"[490, 63, 678, 251]","[485, 316, 756, 511]",0,False,65.0,0.12648
sflip_sofa_ADE_train_00000693,qwen2_5_vl_7b,spurious,sofa,occlusion_safety,no_change,True,Is there a clearly visible sofa in the image? Respond with exactly one token: yes or no.,data/edits/spurious_flip_control/orig/sflip_sofa_ADE_train_00000693.jpg,data/edits/spurious_flip_control/sflip_sofa_ADE_train_00000693.jpg,yes,yes,yes,yes,True,True,remaining_qwen2_5_vl_7b_spurious_shard0,remaining_qwen2_5_vl_7b_spurious_shard0,False,False,False,"[38, 218, 224, 404]","[343, 267, 753, 511]",0,False,119.0,
sflip_sofa_ADE_train_00000675,qwen2_5_vl_7b,spurious,sofa,occlusion_safety,no_change,True,Is there a clearly visible sofa in the image? Respond with exactly one token: yes or no.,data/edits/spurious_flip_control/orig/sflip_sofa_ADE_train_00000675.jpg,data/edits/spurious_flip_control/sflip_sofa_ADE_train_00000675.jpg,yes,yes,yes,yes,True,True,remaining_qwen2_5_vl_7b_spurious_shard1,remaining_qwen2_5_vl_7b_spurious_shard1,False,False,False,"[67, 44, 243, 220]","[320, 250, 524, 373]",0,False,82.638,
sflip_sofa_ADE_train_00000713,qwen2_5_vl_7b,spurious,sofa,occlusion_safety,no_change,True,Is there a clearly visible sofa in the image? Respond with exactly one token: yes or no.,data/edits/spurious_flip_control/orig/sflip_sofa_ADE_train_00000713.jpg,data/edits/spurious_flip_control/sflip_sofa_ADE_train_00000713.jpg,yes,yes,yes,yes,True,True,remaining_qwen2_5_vl_7b_spurious_shard0,remaining_qwen2_5_vl_7b_spurious_shard0,False,False,False,"[401, 50, 594, 241]","[140, 249, 474, 438]",0,False,8.0,
sflip_sofa_ADE_train_00000732,qwen2_5_vl_7b,spurious,sofa,occlusion_safety,no_change,True,Is there a clearly visible sofa in the image? Respond with exactly one token: yes or no.,data/edits/spurious_flip_control/orig/sflip_sofa_ADE_train_00000732.jpg,data/edits/spurious_flip_control/sflip_sofa_ADE_train_00000732.jpg,yes,yes,yes,yes,True,True,remaining_qwen2_5_vl_7b_spurious_shard1,remaining_qwen2_5_vl_7b_spurious_shard1,False,False,False,"[500, 229, 676, 405]","[0, 235, 220, 430]",0,False,280.0,
sflip_sofa_ADE_train_00000678,qwen2_5_vl_7b,spurious,sofa,occlusion_safety,no_change,True,Is there a clearly visible sofa in the image? Respond with exactly one token: yes or no.,data/edits/spurious_flip_control/orig/sflip_sofa_ADE_train_00000678.jpg,data/edits/spurious_flip_control/sflip_sofa_ADE_train_00000678.jpg,yes,yes,yes,yes,True,True,remaining_qwen2_5_vl_7b_spurious_shard0,remaining_qwen2_5_vl_7b_spurious_shard0,False,False,False,"[28, 32, 216, 220]","[45, 213, 664, 501]",0,True,0.0,
sflip_sofa_ADE_train_00000719,qwen2_5_vl_7b,spurious,sofa,occlusion_safety,no_change,True,Is there a clearly visible sofa in the image? Respond with exactly one token: yes or no.,data/edits/spurious_flip_control/orig/sflip_sofa_ADE_train_00000719.jpg,data/edits/spurious_flip_control/sflip_sofa_ADE_train_00000719.jpg,yes,no,yes,no,True,True,remaining_qwen2_5_vl_7b_spurious_shard1,remaining_qwen2_5_vl_7b_spurious_shard1,True,False,False,"[406, 254, 595, 442]","[106, 287, 357, 395]",0,False,49.0,
sflip_sofa_ADE_train_00000741,qwen2_5_vl_7b,spurious,sofa,occlusion_safety,no_change,True,Is there a clearly visible sofa in the image? Respond with exactly one token: yes or no.,data/edits/spurious_flip_control/orig/sflip_sofa_ADE_train_00000741.jpg,data/edits/spurious_flip_control/sflip_sofa_ADE_train_00000741.jpg,yes,yes,yes,yes,True,True,remaining_qwen2_5_vl_7b_spurious_shard0,remaining_qwen2_5_vl_7b_spurious_shard0,False,False,False,"[149, 110, 335, 296]","[196, 291, 432, 430]",0,True,0.0,0.11288
sflip_sofa_ADE_train_00000748,qwen2_5_vl_7b,spurious,sofa,occlusion_safety,no_change,True,Is there a clearly visible sofa in the image? Respond with exactly one token: yes or no.,data/edits/spurious_flip_control/orig/sflip_sofa_ADE_train_00000748.jpg,data/edits/spurious_flip_control/sflip_sofa_ADE_train_00000748.jpg,yes,yes,yes,yes,True,True,remaining_qwen2_5_vl_7b_spurious_shard1,remaining_qwen2_5_vl_7b_spurious_shard1,False,False,False,"[499, 53, 687, 241]","[76, 253, 768, 512]",0,False,12.0,0.0978
sflip_sofa_ADE_train_00000662,qwen2_5_vl_7b,spurious,sofa,occlusion_safety,no_change,True,Is there a clearly visible sofa in the image? Respond with exactly one token: yes or no.,data/edits/spurious_flip_control/orig/sflip_sofa_ADE_train_00000662.jpg,data/edits/spurious_flip_control/sflip_sofa_ADE_train_00000662.jpg,yes,yes,yes,yes,True,True,remaining_qwen2_5_vl_7b_spurious_shard0,remaining_qwen2_5_vl_7b_spurious_shard0,False,False,False,"[264, 43, 441, 220]","[1, 224, 536, 383]",0,False,4.0,
sflip_sofa_ADE_train_00000706,qwen2_5_vl_7b,spurious,sofa,occlusion_safety,no_change,True,Is there a clearly visible sofa in the image? Respond with exactly one token: yes or no.,data/edits/spurious_flip_control/orig/sflip_sofa_ADE_train_00000706.jpg,data/edits/spurious_flip_control/sflip_sofa_ADE_train_00000706.jpg,yes,yes,yes,yes,True,True,remaining_qwen2_5_vl_7b_spurious_shard1,remaining_qwen2_5_vl_7b_spurious_shard1,False,False,False,"[115, 33, 292, 210]","[4, 301, 279, 475]",0,False,91.0,
sflip_sofa_ADE_train_00000701,qwen2_5_vl_7b,spurious,sofa,occlusion_safety,no_change,True,Is there a clearly visible sofa in the image? Respond with exactly one token: yes or no.,data/edits/spurious_flip_control/orig/sflip_sofa_ADE_train_00000701.jpg,data/edits/spurious_flip_control/sflip_sofa_ADE_train_00000701.jpg,yes,yes,yes,yes,True,True,remaining_qwen2_5_vl_7b_spurious_shard0,remaining_qwen2_5_vl_7b_spurious_shard0,False,False,False,"[459, 7, 647, 195]","[88, 283, 771, 512]",0,False,88.0,
sflip_sofa_ADE_train_00000671,qwen2_5_vl_7b,spurious,sofa,occlusion_safety,no_change,True,Is there a clearly visible sofa in the image? Respond with exactly one token: yes or no.,data/edits/spurious_flip_control/orig/sflip_sofa_ADE_train_00000671.jpg,data/edits/spurious_flip_control/sflip_sofa_ADE_train_00000671.jpg,yes,yes,yes,yes,True,True,remaining_qwen2_5_vl_7b_spurious_shard1,remaining_qwen2_5_vl_7b_spurious_shard1,False,False,False,"[335, 222, 463, 349]","[0, 200, 180, 350]",0,False,155.0,0.09613
sflip_sofa_ADE_train_00000688,qwen2_5_vl_7b,spurious,sofa,occlusion_safety,no_change,True,Is there a clearly visible sofa in the image? Respond with exactly one token: yes or no.,data/edits/spurious_flip_control/orig/sflip_sofa_ADE_train_00000688.jpg,data/edits/spurious_flip_control/sflip_sofa_ADE_train_00000688.jpg,yes,yes,yes,yes,True,True,remaining_qwen2_5_vl_7b_spurious_shard0,remaining_qwen2_5_vl_7b_spurious_shard0,False,False,False,"[391, 258, 576, 443]","[0, 259, 264, 511]",0,False,127.0,
sflip_sofa_ADE_train_00000653,qwen2_5_vl_7b,spurious,sofa,occlusion_safety,no_change,True,Is there a clearly visible sofa in the image? Respond with exactly one token: yes or no.,data/edits/spurious_flip_control/orig/sflip_sofa_ADE_train_00000653.jpg,data/edits/spurious_flip_control/sflip_sofa_ADE_train_00000653.jpg,no,no,no,no,True,True,remaining_qwen2_5_vl_7b_spurious_shard1,remaining_qwen2_5_vl_7b_spurious_shard1,False,False,False,"[92, 293, 268, 469]","[464, 232, 720, 452]",0,False,196.0,
sflip_sofa_ADE_train_00000717,qwen2_5_vl_7b,spurious,sofa,occlusion_safety,no_change,True,Is there a clearly visible sofa in the image? Respond with exactly one token: yes or no.,data/edits/spurious_flip_control/orig/sflip_sofa_ADE_train_00000717.jpg,data/edits/spurious_flip_control/sflip_sofa_ADE_train_00000717.jpg,yes,yes,yes,yes,True,True,remaining_qwen2_5_vl_7b_spurious_shard0,remaining_qwen2_5_vl_7b_spurious_shard0,False,False,False,"[0, 10, 187, 197]","[236, 297, 756, 502]",0,False,111.36,
sflip_sofa_ADE_train_00000740,qwen2_5_vl_7b,spurious,sofa,occlusion_safety,no_change,True,Is there a clearly visible sofa in the image? Respond with exactly one token: yes or no.,data/edits/spurious_flip_control/orig/sflip_sofa_ADE_train_00000740.jpg,data/edits/spurious_flip_control/sflip_sofa_ADE_train_00000740.jpg,yes,yes,yes,yes,True,True,remaining_qwen2_5_vl_7b_spurious_shard1,remaining_qwen2_5_vl_7b_spurious_shard1,False,False,False,"[417, 155, 593, 331]","[18, 286, 295, 479]",0,False,122.0,
sflip_sofa_ADE_train_00000673,qwen2_5_vl_7b,spurious,sofa,occlusion_safety,no_change,True,Is there a clearly visible sofa in the image? Respond with exactly one token: yes or no.,data/edits/spurious_flip_control/orig/sflip_sofa_ADE_train_00000673.jpg,data/edits/spurious_flip_control/sflip_sofa_ADE_train_00000673.jpg,yes,yes,yes,yes,True,True,remaining_qwen2_5_vl_7b_spurious_shard0,remaining_qwen2_5_vl_7b_spurious_shard0,False,False,False,"[167, 31, 354, 218]","[360, 266, 647, 447]",0,False,48.374,
sflip_sofa_ADE_train_00000710,qwen2_5_vl_7b,spurious,sofa,occlusion_safety,no_change,True,Is there a clearly visible sofa in the image? Respond with exactly one token: yes or no.,data/edits/spurious_flip_control/orig/sflip_sofa_ADE_train_00000710.jpg,data/edits/spurious_flip_control/sflip_sofa_ADE_train_00000710.jpg,yes,yes,yes,yes,True,True,remaining_qwen2_5_vl_7b_spurious_shard1,remaining_qwen2_5_vl_7b_spurious_shard1,False,False,False,"[293, 122, 480, 309]","[171, 336, 608, 512]",0,False,27.0,
sflip_chair_ADE_train_00000374,qwen2_5_vl_7b,spurious,chair,occlusion_safety,no_change,True,Is there a clearly visible chair in the image? Respond with exactly one token: yes or no.,data/edits/spurious_flip_control/orig/sflip_chair_ADE_train_00000374.jpg,data/edits/spurious_flip_control/sflip_chair_ADE_train_00000374.jpg,no,no,no,no,True,True,remaining_qwen2_5_vl_7b_spurious_shard0,remaining_qwen2_5_vl_7b_spurious_shard0,False,False,False,"[457, 16, 644, 202]","[494, 381, 763, 511]",0,False,179.0,
sflip_chair_ADE_train_00000194,qwen2_5_vl_7b,spurious,chair,occlusion_safety,no_change,True,Is there a clearly visible chair in the image? Respond with exactly one token: yes or no.,data/edits/spurious_flip_control/orig/sflip_chair_ADE_train_00000194.jpg,data/edits/spurious_flip_control/sflip_chair_ADE_train_00000194.jpg,yes,no,yes,no,True,True,remaining_qwen2_5_vl_7b_spurious_shard1,remaining_qwen2_5_vl_7b_spurious_shard1,True,False,False,"[127, 7, 210, 90]","[0, 169, 206, 240]",0,False,79.0,
sflip_chair_ADE_train_00000469,qwen2_5_vl_7b,spurious,chair,occlusion_safety,no_change,True,Is there a clearly visible chair in the image? Respond with exactly one token: yes or no.,data/edits/spurious_flip_control/orig/sflip_chair_ADE_train_00000469.jpg,data/edits/spurious_flip_control/sflip_chair_ADE_train_00000469.jpg,yes,yes,yes,yes,True,True,remaining_qwen2_5_vl_7b_spurious_shard0,remaining_qwen2_5_vl_7b_spurious_shard0,False,False,False,"[367, 62, 552, 247]","[114, 288, 274, 456]",0,False,101.637,
sflip_chair_ADE_train_00000617,qwen2_5_vl_7b,spurious,chair,occlusion_safety,no_change,True,Is there a clearly visible chair in the image? Respond with exactly one token: yes or no.,data/edits/spurious_flip_control/orig/sflip_chair_ADE_train_00000617.jpg,data/edits/spurious_flip_control/sflip_chair_ADE_train_00000617.jpg,yes,no,yes,no,True,True,remaining_qwen2_5_vl_7b_spurious_shard1,remaining_qwen2_5_vl_7b_spurious_shard1,True,False,False,"[182, 178, 365, 361]","[0, 298, 548, 511]",0,True,0.0,
sflip_chair_ADE_train_00000436,qwen2_5_vl_7b,spurious,chair,occlusion_safety,no_change,True,Is there a clearly visible chair in the image? Respond with exactly one token: yes or no.,data/edits/spurious_flip_control/orig/sflip_chair_ADE_train_00000436.jpg,data/edits/spurious_flip_control/sflip_chair_ADE_train_00000436.jpg,yes,no,yes,no,True,True,remaining_qwen2_5_vl_7b_spurious_shard0,remaining_qwen2_5_vl_7b_spurious_shard0,True,False,False,"[187, 419, 364, 596]","[0, 459, 130, 681]",0,False,57.0,
sflip_chair_ADE_train_00000839,qwen2_5_vl_7b,spurious,chair,occlusion_safety,no_change,True,Is there a clearly visible chair in the image? Respond with exactly one token: yes or no.,data/edits/spurious_flip_control/orig/sflip_chair_ADE_train_00000839.jpg,data/edits/spurious_flip_control/sflip_chair_ADE_train_00000839.jpg,yes,yes,yes,yes,True,True,remaining_qwen2_5_vl_7b_spurious_shard1,remaining_qwen2_5_vl_7b_spurious_shard1,False,False,False,"[3, 106, 188, 291]","[227, 302, 497, 413]",0,False,40.522,0.10489
sflip_chair_ADE_train_00000630,qwen2_5_vl_7b,spurious,chair,occlusion_safety,no_change,True,Is there a clearly visible chair in the image? Respond with exactly one token: yes or no.,data/edits/spurious_flip_control/orig/sflip_chair_ADE_train_00000630.jpg,data/edits/spurious_flip_control/sflip_chair_ADE_train_00000630.jpg,yes,no,yes,no,True,True,remaining_qwen2_5_vl_7b_spurious_shard0,remaining_qwen2_5_vl_7b_spurious_shard0,True,False,False,"[150, 3, 327, 180]","[178, 454, 629, 511]",0,False,274.0,
sflip_chair_ADE_train_00000753,qwen2_5_vl_7b,spurious,chair,occlusion_safety,no_change,True,Is there a clearly visible chair in the image? Respond with exactly one token: yes or no.,data/edits/spurious_flip_control/orig/sflip_chair_ADE_train_00000753.jpg,data/edits/spurious_flip_control/sflip_chair_ADE_train_00000753.jpg,yes,yes,yes,yes,True,True,remaining_qwen2_5_vl_7b_spurious_shard1,remaining_qwen2_5_vl_7b_spurious_shard1,False,False,False,"[352, 244, 540, 432]","[62, 234, 340, 345]",0,False,12.0,
sflip_chair_ADE_train_00001564,qwen2_5_vl_7b,spurious,chair,occlusion_safety,no_change,True,Is there a clearly visible chair in the image? Respond with exactly one token: yes or no.,data/edits/spurious_flip_control/orig/sflip_chair_ADE_train_00001564.jpg,data/edits/spurious_flip_control/sflip_chair_ADE_train_00001564.jpg,yes,yes,yes,yes,True,True,remaining_qwen2_5_vl_7b_spurious_shard0,remaining_qwen2_5_vl_7b_spurious_shard0,False,False,False,"[14, 33, 143, 162]","[0, 155, 499, 296]",0,True,0.0,
sflip_chair_ADE_train_00000268,qwen2_5_vl_7b,spurious,chair,occlusion_safety,no_change,True,Is there a clearly visible chair in the image? Respond with exactly one token: yes or no.,data/edits/spurious_flip_control/orig/sflip_chair_ADE_train_00000268.jpg,data/edits/spurious_flip_control/sflip_chair_ADE_train_00000268.jpg,yes,no,yes,no,True,True,remaining_qwen2_5_vl_7b_spurious_shard1,remaining_qwen2_5_vl_7b_spurious_shard1,True,False,False,"[325, 283, 500, 458]","[43, 276, 298, 403]",0,False,27.0,
sflip_chair_ADE_train_00000939,qwen2_5_vl_7b,spurious,chair,occlusion_safety,no_change,True,Is there a clearly visible chair in the image? Respond with exactly one token: yes or no.,data/edits/spurious_flip_control/orig/sflip_chair_ADE_train_00000939.jpg,data/edits/spurious_flip_control/sflip_chair_ADE_train_00000939.jpg,yes,yes,yes,yes,True,True,remaining_qwen2_5_vl_7b_spurious_shard0,remaining_qwen2_5_vl_7b_spurious_shard0,False,False,False,"[273, 52, 450, 229]","[198, 267, 473, 495]",0,False,38.0,
sflip_chair_ADE_train_00001571,qwen2_5_vl_7b,spurious,chair,occlusion_safety,no_change,True,Is there a clearly visible chair in the image? Respond with exactly one token: yes or no.,data/edits/spurious_flip_control/orig/sflip_chair_ADE_train_00001571.jpg,data/edits/spurious_flip_control/sflip_chair_ADE_train_00001571.jpg,yes,yes,yes,yes,True,True,remaining_qwen2_5_vl_7b_spurious_shard1,remaining_qwen2_5_vl_7b_spurious_shard1,False,False,False,"[114, 32, 208, 126]","[22, 156, 287, 274]",0,False,30.0,
sflip_chair_ADE_train_00000608,qwen2_5_vl_7b,spurious,chair,occlusion_safety,no_change,True,Is there a clearly visible chair in the image? Respond with exactly one token: yes or no.,data/edits/spurious_flip_control/orig/sflip_chair_ADE_train_00000608.jpg,data/edits/spurious_flip_control/sflip_chair_ADE_train_00000608.jpg,yes,yes,yes,yes,True,True,remaining_qwen2_5_vl_7b_spurious_shard0,remaining_qwen2_5_vl_7b_spurious_shard0,False,False,False,"[21, 66, 209, 256]","[97, 270, 398, 510]",0,False,14.0,
sflip_chair_ADE_train_00000928,qwen2_5_vl_7b,spurious,chair,occlusion_safety,no_change,True,Is there a clearly visible chair in the image? Respond with exactly one token: yes or no.,data/edits/spurious_flip_control/orig/sflip_chair_ADE_train_00000928.jpg,data/edits/spurious_flip_control/sflip_chair_ADE_train_00000928.jpg,yes,yes,yes,yes,True,True,remaining_qwen2_5_vl_7b_spurious_shard1,remaining_qwen2_5_vl_7b_spurious_shard1,False,False,False,"[430, 67, 618, 255]","[553, 372, 768, 511]",0,False,117.0,0.09374
sflip_chair_ADE_train_00000728,qwen2_5_vl_7b,spurious,chair,occlusion_safety,no_change,True,Is there a clearly visible chair in the image? Respond with exactly one token: yes or no.,data/edits/spurious_flip_control/orig/sflip_chair_ADE_train_00000728.jpg,data/edits/spurious_flip_control/sflip_chair_ADE_train_00000728.jpg,yes,yes,yes,yes,True,True,remaining_qwen2_5_vl_7b_spurious_shard0,remaining_qwen2_5_vl_7b_spurious_shard0,False,False,False,"[432, 72, 619, 259]","[295, 335, 758, 512]",0,False,76.0,
sflip_chair_ADE_train_00000906,qwen2_5_vl_7b,spurious,chair,occlusion_safety,no_change,True,Is there a clearly visible chair in the image? Respond with exactly one token: yes or no.,data/edits/spurious_flip_control/orig/sflip_chair_ADE_train_00000906.jpg,data/edits/spurious_flip_control/sflip_chair_ADE_train_00000906.jpg,yes,yes,yes,yes,True,True,remaining_qwen2_5_vl_7b_spurious_shard1,remaining_qwen2_5_vl_7b_spurious_shard1,False,False,False,"[254, 43, 446, 235]","[386, 301, 592, 512]",0,False,66.0,
sflip_chair_ADE_train_00000631,qwen2_5_vl_7b,spurious,chair,occlusion_safety,no_change,True,Is there a clearly visible chair in the image? Respond with exactly one token: yes or no.,data/edits/spurious_flip_control/orig/sflip_chair_ADE_train_00000631.jpg,data/edits/spurious_flip_control/sflip_chair_ADE_train_00000631.jpg,yes,yes,yes,yes,True,True,remaining_qwen2_5_vl_7b_spurious_shard0,remaining_qwen2_5_vl_7b_spurious_shard0,False,False,False,"[485, 326, 662, 502]","[93, 239, 417, 512]",0,False,68.0,
sflip_chair_ADE_train_00000797,qwen2_5_vl_7b,spurious,chair,occlusion_safety,no_change,True,Is there a clearly visible chair in the image? Respond with exactly one token: yes or no.,data/edits/spurious_flip_control/orig/sflip_chair_ADE_train_00000797.jpg,data/edits/spurious_flip_control/sflip_chair_ADE_train_00000797.jpg,yes,yes,yes,yes,True,True,remaining_qwen2_5_vl_7b_spurious_shard1,remaining_qwen2_5_vl_7b_spurious_shard1,False,False,False,"[8, 208, 192, 393]","[256, 304, 681, 512]",0,False,64.0,
sflip_chair_ADE_train_00001105,qwen2_5_vl_7b,spurious,chair,occlusion_safety,no_change,True,Is there a clearly visible chair in the image? Respond with exactly one token: yes or no.,data/edits/spurious_flip_control/orig/sflip_chair_ADE_train_00001105.jpg,data/edits/spurious_flip_control/sflip_chair_ADE_train_00001105.jpg,yes,no,yes,no,True,True,remaining_qwen2_5_vl_7b_spurious_shard0,remaining_qwen2_5_vl_7b_spurious_shard0,True,False,False,"[104, 225, 281, 402]","[536, 332, 683, 511]",0,False,255.0,
sflip_chair_ADE_train_00000622,qwen2_5_vl_7b,spurious,chair,occlusion_safety,no_change,True,Is there a clearly visible chair in the image? Respond with exactly one token: yes or no.,data/edits/spurious_flip_control/orig/sflip_chair_ADE_train_00000622.jpg,data/edits/spurious_flip_control/sflip_chair_ADE_train_00000622.jpg,yes,yes,yes,yes,True,True,remaining_qwen2_5_vl_7b_spurious_shard1,remaining_qwen2_5_vl_7b_spurious_shard1,False,False,False,"[189, 46, 377, 235]","[487, 288, 732, 479]",0,False,122.102,
sflip_chair_ADE_train_00000945,qwen2_5_vl_7b,spurious,chair,occlusion_safety,no_change,True,Is there a clearly visible chair in the image? Respond with exactly one token: yes or no.,data/edits/spurious_flip_control/orig/sflip_chair_ADE_train_00000945.jpg,data/edits/spurious_flip_control/sflip_chair_ADE_train_00000945.jpg,yes,yes,yes,yes,True,True,remaining_qwen2_5_vl_7b_spurious_shard0,remaining_qwen2_5_vl_7b_spurious_shard0,False,False,False,"[281, 57, 462, 234]","[1, 234, 399, 601]",0,False,0.0,
sflip_chair_ADE_train_00001573,qwen2_5_vl_7b,spurious,chair,occlusion_safety,no_change,True,Is there a clearly visible chair in the image? Respond with exactly one token: yes or no.,data/edits/spurious_flip_control/orig/sflip_chair_ADE_train_00001573.jpg,data/edits/spurious_flip_control/sflip_chair_ADE_train_00001573.jpg,yes,yes,yes,yes,True,True,remaining_qwen2_5_vl_7b_spurious_shard1,remaining_qwen2_5_vl_7b_spurious_shard1,False,False,False,"[94, 204, 271, 381]","[52, 339, 682, 511]",0,True,0.0,
sflip_chair_ADE_train_00000918,qwen2_5_vl_7b,spurious,chair,occlusion_safety,no_change,True,Is there a clearly visible chair in the image? Respond with exactly one token: yes or no.,data/edits/spurious_flip_control/orig/sflip_chair_ADE_train_00000918.jpg,data/edits/spurious_flip_control/sflip_chair_ADE_train_00000918.jpg,yes,yes,yes,yes,True,True,remaining_qwen2_5_vl_7b_spurious_shard0,remaining_qwen2_5_vl_7b_spurious_shard0,False,False,False,"[253, 89, 429, 265]","[484, 246, 719, 414]",0,False,55.0,0.09567
sflip_chair_ADE_train_00000002,qwen2_5_vl_7b,spurious,chair,occlusion_safety,no_change,True,Is there a clearly visible chair in the image? Respond with exactly one token: yes or no.,data/edits/spurious_flip_control/orig/sflip_chair_ADE_train_00000002.jpg,data/edits/spurious_flip_control/sflip_chair_ADE_train_00000002.jpg,yes,yes,yes,yes,True,True,remaining_qwen2_5_vl_7b_spurious_shard1,remaining_qwen2_5_vl_7b_spurious_shard1,False,False,False,"[145, 267, 326, 448]","[254, 222, 711, 469]",0,True,0.0,
sflip_car_ADE_train_00002093,qwen2_5_vl_7b,spurious,car,occlusion_safety,no_change,True,Is there a clearly visible car in the image? Respond with exactly one token: yes or no.,data/edits/spurious_flip_control/orig/sflip_car_ADE_train_00002093.jpg,data/edits/spurious_flip_control/sflip_car_ADE_train_00002093.jpg,yes,yes,yes,yes,True,True,remaining_qwen2_5_vl_7b_spurious_shard0,remaining_qwen2_5_vl_7b_spurious_shard0,False,False,False,"[227, 30, 404, 207]","[363, 204, 590, 332]",0,True,0.0,
sflip_car_ADE_train_00002038,qwen2_5_vl_7b,spurious,car,occlusion_safety,no_change,True,Is there a clearly visible car in the image? Respond with exactly one token: yes or no.,data/edits/spurious_flip_control/orig/sflip_car_ADE_train_00002038.jpg,data/edits/spurious_flip_control/sflip_car_ADE_train_00002038.jpg,yes,yes,yes,yes,True,True,remaining_qwen2_5_vl_7b_spurious_shard1,remaining_qwen2_5_vl_7b_spurious_shard1,False,False,False,"[314, 13, 430, 125]","[2, 160, 446, 292]",0,False,35.0,
sflip_car_ADE_train_00002039,qwen2_5_vl_7b,spurious,car,occlusion_safety,no_change,True,Is there a clearly visible car in the image? Respond with exactly one token: yes or no.,data/edits/spurious_flip_control/orig/sflip_car_ADE_train_00002039.jpg,data/edits/spurious_flip_control/sflip_car_ADE_train_00002039.jpg,yes,yes,yes,yes,True,True,remaining_qwen2_5_vl_7b_spurious_shard0,remaining_qwen2_5_vl_7b_spurious_shard0,False,False,False,"[488, 333, 665, 509]","[21, 105, 643, 407]",0,True,0.0,
sflip_car_ADE_train_00002054,qwen2_5_vl_7b,spurious,car,occlusion_safety,no_change,True,Is there a clearly visible car in the image? Respond with exactly one token: yes or no.,data/edits/spurious_flip_control/orig/sflip_car_ADE_train_00002054.jpg,data/edits/spurious_flip_control/sflip_car_ADE_train_00002054.jpg,yes,yes,yes,yes,True,True,remaining_qwen2_5_vl_7b_spurious_shard1,remaining_qwen2_5_vl_7b_spurious_shard1,False,False,False,"[22, 23, 199, 198]","[1, 213, 682, 511]",0,False,15.0,
sflip_car_ADE_train_00000941,qwen2_5_vl_7b,spurious,car,occlusion_safety,no_change,True,Is there a clearly visible car in the image? Respond with exactly one token: yes or no.,data/edits/spurious_flip_control/orig/sflip_car_ADE_train_00000941.jpg,data/edits/spurious_flip_control/sflip_car_ADE_train_00000941.jpg,yes,yes,yes,yes,True,True,remaining_qwen2_5_vl_7b_spurious_shard0,remaining_qwen2_5_vl_7b_spurious_shard0,False,False,False,"[148, 0, 263, 115]","[0, 114, 151, 310]",0,True,0.0,
sflip_car_ADE_train_00002029,qwen2_5_vl_7b,spurious,car,occlusion_safety,no_change,True,Is there a clearly visible car in the image? Respond with exactly one token: yes or no.,data/edits/spurious_flip_control/orig/sflip_car_ADE_train_00002029.jpg,data/edits/spurious_flip_control/sflip_car_ADE_train_00002029.jpg,yes,no,yes,no,True,True,remaining_qwen2_5_vl_7b_spurious_shard1,remaining_qwen2_5_vl_7b_spurious_shard1,True,False,False,"[338, 278, 504, 445]","[2, 124, 589, 326]",0,True,0.0,
sflip_car_ADE_train_00002030,qwen2_5_vl_7b,spurious,car,occlusion_safety,no_change,True,Is there a clearly visible car in the image? Respond with exactly one token: yes or no.,data/edits/spurious_flip_control/orig/sflip_car_ADE_train_00002030.jpg,data/edits/spurious_flip_control/sflip_car_ADE_train_00002030.jpg,yes,yes,yes,yes,True,True,remaining_qwen2_5_vl_7b_spurious_shard0,remaining_qwen2_5_vl_7b_spurious_shard0,False,False,False,"[87, 73, 169, 155]","[0, 0, 340, 224]",0,True,0.0,
sflip_car_ADE_train_00004304,qwen2_5_vl_7b,spurious,car,occlusion_safety,no_change,True,Is there a clearly visible car in the image? Respond with exactly one token: yes or no.,data/edits/spurious_flip_control/orig/sflip_car_ADE_train_00004304.jpg,data/edits/spurious_flip_control/sflip_car_ADE_train_00004304.jpg,yes,yes,yes,yes,True,True,remaining_qwen2_5_vl_7b_spurious_shard1,remaining_qwen2_5_vl_7b_spurious_shard1,False,False,False,"[257, 283, 413, 438]","[502, 212, 599, 354]",0,False,89.0,
sflip_car_ADE_train_00004616,qwen2_5_vl_7b,spurious,car,occlusion_safety,no_change,True,Is there a clearly visible car in the image? Respond with exactly one token: yes or no.,data/edits/spurious_flip_control/orig/sflip_car_ADE_train_00004616.jpg,data/edits/spurious_flip_control/sflip_car_ADE_train_00004616.jpg,yes,yes,yes,yes,True,True,remaining_qwen2_5_vl_7b_spurious_shard0,remaining_qwen2_5_vl_7b_spurious_shard0,False,False,False,"[101, 33, 177, 109]","[0, 164, 256, 202]",0,False,55.0,0.15841
sflip_car_ADE_train_00002008,qwen2_5_vl_7b,spurious,car,occlusion_safety,no_change,True,Is there a clearly visible car in the image? Respond with exactly one token: yes or no.,data/edits/spurious_flip_control/orig/sflip_car_ADE_train_00002008.jpg,data/edits/spurious_flip_control/sflip_car_ADE_train_00002008.jpg,yes,yes,yes,yes,True,True,remaining_qwen2_5_vl_7b_spurious_shard1,remaining_qwen2_5_vl_7b_spurious_shard1,False,False,False,"[134, 6, 218, 90]","[33, 81, 288, 234]",0,True,0.0,0.15067
sflip_car_ADE_train_00004561,qwen2_5_vl_7b,spurious,car,occlusion_safety,no_change,True,Is there a clearly visible car in the image? Respond with exactly one token: yes or no.,data/edits/spurious_flip_control/orig/sflip_car_ADE_train_00004561.jpg,data/edits/spurious_flip_control/sflip_car_ADE_train_00004561.jpg,yes,yes,yes,yes,True,True,remaining_qwen2_5_vl_7b_spurious_shard0,remaining_qwen2_5_vl_7b_spurious_shard0,False,False,False,"[225, 6, 413, 194]","[0, 301, 771, 510]",0,False,107.0,
sflip_car_ADE_train_00002034,qwen2_5_vl_7b,spurious,car,occlusion_safety,no_change,True,Is there a clearly visible car in the image? Respond with exactly one token: yes or no.,data/edits/spurious_flip_control/orig/sflip_car_ADE_train_00002034.jpg,data/edits/spurious_flip_control/sflip_car_ADE_train_00002034.jpg,yes,no,yes,no,True,True,remaining_qwen2_5_vl_7b_spurious_shard1,remaining_qwen2_5_vl_7b_spurious_shard1,True,False,False,"[321, 278, 509, 467]","[588, 243, 769, 347]",0,False,79.0,
sflip_car_ADE_train_00002014,qwen2_5_vl_7b,spurious,car,occlusion_safety,no_change,True,Is there a clearly visible car in the image? Respond with exactly one token: yes or no.,data/edits/spurious_flip_control/orig/sflip_car_ADE_train_00002014.jpg,data/edits/spurious_flip_control/sflip_car_ADE_train_00002014.jpg,yes,yes,yes,yes,True,True,remaining_qwen2_5_vl_7b_spurious_shard0,remaining_qwen2_5_vl_7b_spurious_shard0,False,False,False,"[19, 106, 160, 247]","[110, 174, 248, 458]",0,True,0.0,
sflip_car_ADE_train_00002062,qwen2_5_vl_7b,spurious,car,occlusion_safety,no_change,True,Is there a clearly visible car in the image? Respond with exactly one token: yes or no.,data/edits/spurious_flip_control/orig/sflip_car_ADE_train_00002062.jpg,data/edits/spurious_flip_control/sflip_car_ADE_train_00002062.jpg,yes,yes,yes,yes,True,True,remaining_qwen2_5_vl_7b_spurious_shard1,remaining_qwen2_5_vl_7b_spurious_shard1,False,False,False,"[441, 175, 618, 352]","[1, 259, 682, 511]",0,True,0.0,
sflip_car_ADE_train_00004630,qwen2_5_vl_7b,spurious,car,occlusion_safety,no_change,True,Is there a clearly visible car in the image? Respond with exactly one token: yes or no.,data/edits/spurious_flip_control/orig/sflip_car_ADE_train_00004630.jpg,data/edits/spurious_flip_control/sflip_car_ADE_train_00004630.jpg,yes,yes,yes,yes,True,True,remaining_qwen2_5_vl_7b_spurious_shard0,remaining_qwen2_5_vl_7b_spurious_shard0,False,False,False,"[88, 66, 164, 142]","[141, 197, 256, 241]",0,False,55.0,0.10021
sflip_car_ADE_train_00001018,qwen2_5_vl_7b,spurious,car,occlusion_safety,no_change,True,Is there a clearly visible car in the image? Respond with exactly one token: yes or no.,data/edits/spurious_flip_control/orig/sflip_car_ADE_train_00001018.jpg,data/edits/spurious_flip_control/sflip_car_ADE_train_00001018.jpg,yes,yes,yes,yes,True,True,remaining_qwen2_5_vl_7b_spurious_shard1,remaining_qwen2_5_vl_7b_spurious_shard1,False,False,False,"[150, 124, 253, 227]","[1, 109, 290, 396]",0,True,0.0,
sflip_car_ADE_train_00003061,qwen2_5_vl_7b,spurious,car,occlusion_safety,no_change,True,Is there a clearly visible car in the image? Respond with exactly one token: yes or no.,data/edits/spurious_flip_control/orig/sflip_car_ADE_train_00003061.jpg,data/edits/spurious_flip_control/sflip_car_ADE_train_00003061.jpg,yes,no,yes,no,True,True,remaining_qwen2_5_vl_7b_spurious_shard0,remaining_qwen2_5_vl_7b_spurious_shard0,True,False,False,"[77, 41, 208, 170]","[368, 157, 497, 280]",0,False,160.0,0.13391
sflip_car_ADE_train_00002026,qwen2_5_vl_7b,spurious,car,occlusion_safety,no_change,True,Is there a clearly visible car in the image? Respond with exactly one token: yes or no.,data/edits/spurious_flip_control/orig/sflip_car_ADE_train_00002026.jpg,data/edits/spurious_flip_control/sflip_car_ADE_train_00002026.jpg,yes,yes,yes,yes,True,True,remaining_qwen2_5_vl_7b_spurious_shard1,remaining_qwen2_5_vl_7b_spurious_shard1,False,False,False,"[128, 28, 189, 88]","[0, 0, 177, 200]",0,True,0.0,
sflip_car_ADE_train_00004657,qwen2_5_vl_7b,spurious,car,occlusion_safety,no_change,True,Is there a clearly visible car in the image? Respond with exactly one token: yes or no.,data/edits/spurious_flip_control/orig/sflip_car_ADE_train_00004657.jpg,data/edits/spurious_flip_control/sflip_car_ADE_train_00004657.jpg,yes,yes,yes,yes,True,True,remaining_qwen2_5_vl_7b_spurious_shard0,remaining_qwen2_5_vl_7b_spurious_shard0,False,False,False,"[68, 111, 144, 187]","[0, 201, 181, 246]",0,False,14.0,
sflip_car_ADE_train_00004567,qwen2_5_vl_7b,spurious,car,occlusion_safety,no_change,True,Is there a clearly visible car in the image? Respond with exactly one token: yes or no.,data/edits/spurious_flip_control/orig/sflip_car_ADE_train_00004567.jpg,data/edits/spurious_flip_control/sflip_car_ADE_train_00004567.jpg,yes,yes,yes,yes,True,True,remaining_qwen2_5_vl_7b_spurious_shard1,remaining_qwen2_5_vl_7b_spurious_shard1,False,False,False,"[274, 132, 452, 310]","[499, 307, 673, 393]",0,False,47.0,
sflip_car_ADE_train_00004623,qwen2_5_vl_7b,spurious,car,occlusion_safety,no_change,True,Is there a clearly visible car in the image? Respond with exactly one token: yes or no.,data/edits/spurious_flip_control/orig/sflip_car_ADE_train_00004623.jpg,data/edits/spurious_flip_control/sflip_car_ADE_train_00004623.jpg,yes,yes,yes,yes,True,True,remaining_qwen2_5_vl_7b_spurious_shard0,remaining_qwen2_5_vl_7b_spurious_shard0,False,False,False,"[48, 87, 124, 163]","[2, 170, 95, 256]",0,False,7.0,
sflip_car_ADE_train_00001421,qwen2_5_vl_7b,spurious,car,occlusion_safety,no_change,True,Is there a clearly visible car in the image? Respond with exactly one token: yes or no.,data/edits/spurious_flip_control/orig/sflip_car_ADE_train_00001421.jpg,data/edits/spurious_flip_control/sflip_car_ADE_train_00001421.jpg,yes,yes,yes,yes,True,True,remaining_qwen2_5_vl_7b_spurious_shard1,remaining_qwen2_5_vl_7b_spurious_shard1,False,False,False,"[1, 144, 191, 333]","[2, 566, 509, 734]",0,False,233.0,0.13942
